elapsed_s,appearance_score,mae,correlation
0.024,0.993274,0.006726,0.999882
0.339,0.993290,0.006710,0.999882
0.571,0.993352,0.006648,0.999883
0.803,0.993420,0.006580,0.999881
1.036,0.993450,0.006550,0.999878
1.271,0.993445,0.006555,0.999873
1.503,0.993458,0.006542,0.999881
1.733,0.993245,0.006755,0.999869
1.963,0.993419,0.006581,0.999874
2.195,0.993433,0.006567,0.999879
2.432,0.993557,0.006443,0.999883
2.664,0.993456,0.006544,0.999883
2.897,0.993589,0.006411,0.999880
3.128,0.993581,0.006419,0.999873
3.364,0.993505,0.006495,0.999880
3.597,0.993487,0.006513,0.999882
3.830,0.993762,0.006238,0.999887
4.059,0.993733,0.006267,0.999887
4.295,0.993739,0.006261,0.999877
4.524,0.993561,0.006439,0.999875
4.758,0.993701,0.006299,0.999883
4.992,0.993626,0.006374,0.999882
5.227,0.993578,0.006422,0.999881
5.459,0.993547,0.006453,0.999893
5.694,0.993673,0.006327,0.999886
5.928,0.993646,0.006354,0.999885
6.163,0.993702,0.006298,0.999879
6.395,0.993719,0.006281,0.999882
6.636,0.993685,0.006315,0.999880
6.868,0.993701,0.006299,0.999883
7.100,0.993773,0.006227,0.999890
7.332,0.994048,0.005952,0.999884
7.561,0.993712,0.006288,0.999887
7.791,0.993670,0.006330,0.999898
8.021,0.993762,0.006238,0.999873
8.248,0.993711,0.006289,0.999874
8.477,0.993792,0.006208,0.999876
8.705,0.993789,0.006211,0.999885
8.936,0.993849,0.006151,0.999891
9.171,0.993800,0.006200,0.999875
9.404,0.993872,0.006128,0.999885
9.636,0.993872,0.006128,0.999884
9.867,0.993810,0.006190,0.999875
10.099,0.993777,0.006223,0.999886
10.330,0.993805,0.006195,0.999873
10.559,0.993927,0.006073,0.999882
10.790,0.993919,0.006081,0.999891
11.019,0.993904,0.006096,0.999891
11.252,0.993886,0.006114,0.999892
11.484,0.994082,0.005918,0.999884
11.716,0.993812,0.006188,0.999884
11.945,0.993926,0.006074,0.999873
12.176,0.993865,0.006135,0.999891
12.410,0.993886,0.006114,0.999883
12.653,0.994123,0.005877,0.999881
12.887,0.993932,0.006068,0.999877
13.116,0.993896,0.006104,0.999888
13.356,0.993948,0.006052,0.999878
13.590,0.993991,0.006009,0.999874
13.820,0.993996,0.006004,0.999892
14.051,0.994034,0.005966,0.999890
14.287,0.993950,0.006050,0.999885
14.517,0.993952,0.006048,0.999885
14.747,0.994029,0.005971,0.999878
14.978,0.993959,0.006041,0.999880
15.212,0.993966,0.006034,0.999882
15.439,0.993852,0.006148,0.999890
15.677,0.994074,0.005926,0.999897
15.904,0.994045,0.005955,0.999886
16.133,0.994035,0.005965,0.999871
16.361,0.994047,0.005953,0.999878
16.591,0.994122,0.005878,0.999880
16.820,0.993960,0.006040,0.999882
17.053,0.994056,0.005944,0.999870
17.280,0.994069,0.005931,0.999885
17.512,0.994002,0.005998,0.999885
17.740,0.994171,0.005829,0.999894
17.972,0.994148,0.005852,0.999893
18.200,0.994126,0.005874,0.999884
18.434,0.994077,0.005923,0.999895
18.667,0.994106,0.005894,0.999884
18.898,0.994092,0.005908,0.999880
19.134,0.994211,0.005789,0.999885
19.360,0.994136,0.005864,0.999878
19.593,0.994142,0.005858,0.999882
19.824,0.994296,0.005704,0.999878
20.056,0.994213,0.005787,0.999889
20.282,0.993926,0.006074,0.999886
20.515,0.994205,0.005795,0.999879
20.749,0.994186,0.005814,0.999891
20.995,0.994063,0.005937,0.999891
21.232,0.993945,0.006055,0.999863
21.472,0.994125,0.005875,0.999877
21.701,0.994055,0.005945,0.999891
21.930,0.993878,0.006122,0.999876
22.162,0.993737,0.006263,0.999876
22.392,0.993683,0.006317,0.999877
22.629,0.994277,0.005723,0.999874
22.864,0.994211,0.005789,0.999889
23.097,0.994084,0.005916,0.999898
23.333,0.994057,0.005943,0.999886
23.572,0.994155,0.005845,0.999876
23.804,0.994180,0.005820,0.999881
24.032,0.994193,0.005807,0.999891
24.256,0.994098,0.005902,0.999875
24.489,0.994442,0.005558,0.999894
24.725,0.994492,0.005508,0.999887
24.958,0.994335,0.005665,0.999889
25.191,0.994354,0.005646,0.999888
25.420,0.994338,0.005662,0.999884
25.648,0.994515,0.005485,0.999882
25.878,0.994402,0.005598,0.999888
26.115,0.994272,0.005728,0.999882
26.345,0.994394,0.005606,0.999890
26.580,0.994250,0.005750,0.999883
26.811,0.994289,0.005711,0.999888
27.045,0.994467,0.005533,0.999883
27.277,0.994308,0.005692,0.999898
27.512,0.994451,0.005549,0.999892
27.742,0.994402,0.005598,0.999885
27.973,0.994491,0.005509,0.999900
28.206,0.994478,0.005522,0.999885
28.432,0.994357,0.005643,0.999887
28.662,0.994411,0.005589,0.999894
28.897,0.994428,0.005572,0.999890
29.130,0.994324,0.005676,0.999881
29.364,0.994498,0.005502,0.999897
29.592,0.994414,0.005586,0.999895
29.818,0.994562,0.005438,0.999890
30.046,0.994461,0.005539,0.999885
30.273,0.994623,0.005377,0.999894
30.501,0.994441,0.005559,0.999884
30.734,0.994622,0.005378,0.999898
30.961,0.994502,0.005498,0.999889
31.195,0.994308,0.005692,0.999884
31.428,0.994505,0.005495,0.999891
31.659,0.994636,0.005364,0.999887
31.892,0.994430,0.005570,0.999893
32.124,0.994786,0.005214,0.999895
32.357,0.994671,0.005329,0.999891
32.589,0.994619,0.005381,0.999891
32.826,0.994425,0.005575,0.999893
33.065,0.994547,0.005453,0.999885
33.300,0.994579,0.005421,0.999899
33.536,0.994507,0.005493,0.999884
33.774,0.994583,0.005417,0.999893
34.018,0.994449,0.005551,0.999879
34.250,0.994791,0.005209,0.999892
34.481,0.994701,0.005299,0.999893
34.714,0.994505,0.005495,0.999889
34.943,0.994452,0.005548,0.999886
35.172,0.994411,0.005589,0.999876
35.403,0.994755,0.005245,0.999892
35.635,0.994656,0.005344,0.999889
35.870,0.994478,0.005522,0.999887
36.097,0.994532,0.005468,0.999901
36.334,0.994536,0.005464,0.999890
36.572,0.994896,0.005104,0.999886
36.800,0.994767,0.005233,0.999896
37.033,0.994706,0.005294,0.999882
37.266,0.994513,0.005487,0.999893
37.499,0.994626,0.005374,0.999885
37.728,0.994505,0.005495,0.999888
37.957,0.994620,0.005380,0.999890
38.191,0.994594,0.005406,0.999886
38.423,0.994502,0.005498,0.999892
38.659,0.994677,0.005323,0.999896
38.896,0.994755,0.005245,0.999890
39.129,0.994642,0.005358,0.999889
39.356,0.994820,0.005180,0.999885
39.587,0.994660,0.005340,0.999897
39.815,0.994621,0.005379,0.999889
40.044,0.994745,0.005255,0.999887
40.275,0.994918,0.005082,0.999897
40.504,0.994863,0.005137,0.999888
40.734,0.994686,0.005314,0.999896
40.968,0.994543,0.005457,0.999899
41.200,0.994780,0.005220,0.999900
41.434,0.994951,0.005049,0.999901
41.668,0.994900,0.005100,0.999896
41.900,0.994844,0.005156,0.999889
42.131,0.994762,0.005238,0.999891
42.360,0.994796,0.005204,0.999900
42.595,0.994670,0.005330,0.999897
42.827,0.995068,0.004932,0.999899
43.062,0.994829,0.005171,0.999889
43.294,0.994772,0.005228,0.999898
43.522,0.994802,0.005198,0.999882
43.755,0.994634,0.005366,0.999887
43.988,0.994793,0.005207,0.999889
44.217,0.994868,0.005132,0.999898
44.447,0.994776,0.005224,0.999896
44.675,0.994827,0.005173,0.999888
44.907,0.994513,0.005487,0.999887
45.135,0.994673,0.005327,0.999888
45.377,0.994745,0.005255,0.999889
45.609,0.994622,0.005378,0.999896
45.840,0.994842,0.005158,0.999880
46.069,0.994685,0.005315,0.999891
46.296,0.994910,0.005090,0.999886
46.523,0.994801,0.005199,0.999886
46.755,0.995059,0.004941,0.999902
46.990,0.994913,0.005087,0.999887
47.221,0.994875,0.005125,0.999897
47.451,0.995141,0.004859,0.999892
47.683,0.994750,0.005250,0.999896
47.910,0.995021,0.004979,0.999901
48.143,0.994925,0.005075,0.999896
48.378,0.994929,0.005071,0.999893
48.607,0.994723,0.005277,0.999884
48.837,0.994674,0.005326,0.999897
49.071,0.994884,0.005116,0.999894
49.304,0.994717,0.005283,0.999885
49.533,0.994737,0.005263,0.999884
49.762,0.994899,0.005101,0.999901
49.994,0.994763,0.005237,0.999885
50.229,0.994840,0.005160,0.999887
50.460,0.994907,0.005093,0.999898
50.693,0.994933,0.005067,0.999885
50.927,0.994949,0.005051,0.999886
51.160,0.994865,0.005135,0.999904
51.384,0.994748,0.005252,0.999892
51.614,0.994996,0.005004,0.999897
51.845,0.995225,0.004775,0.999892
52.077,0.994717,0.005283,0.999885
52.311,0.994825,0.005175,0.999899
52.545,0.994832,0.005168,0.999901
52.780,0.994983,0.005017,0.999905
53.017,0.995260,0.004740,0.999902
53.249,0.994986,0.005014,0.999903
53.480,0.994990,0.005010,0.999892
53.715,0.994962,0.005038,0.999892
53.947,0.994999,0.005001,0.999903
54.181,0.994959,0.005041,0.999890
54.416,0.995293,0.004707,0.999889
54.646,0.994975,0.005025,0.999897
54.876,0.994947,0.005053,0.999894
55.110,0.995020,0.004980,0.999893
55.341,0.994905,0.005095,0.999895
55.576,0.994907,0.005093,0.999885
55.808,0.995120,0.004880,0.999886
56.039,0.994886,0.005114,0.999894
56.273,0.994989,0.005011,0.999899
56.502,0.995012,0.004988,0.999896
56.735,0.995009,0.004991,0.999884
56.961,0.994960,0.005040,0.999892
57.195,0.994872,0.005128,0.999895
57.424,0.995125,0.004875,0.999887
57.654,0.995130,0.004870,0.999906
57.883,0.995302,0.004698,0.999898
58.117,0.995118,0.004882,0.999896
58.350,0.995043,0.004957,0.999890
58.580,0.995085,0.004915,0.999899
58.812,0.995076,0.004924,0.999892
59.043,0.995074,0.004926,0.999901
59.276,0.995074,0.004926,0.999881
59.505,0.995181,0.004819,0.999890
59.736,0.995121,0.004879,0.999904
59.968,0.995121,0.004879,0.999901
