frame_index,receive_monotonic_ns,relative_s
0,281279696575816,0.000000000
1,281279720998390,0.024422574
2,281279759916588,0.063340772
3,281279815098143,0.118522327
4,281279828858469,0.132282653
5,281279860936033,0.164360217
6,281279896104139,0.199528323
7,281279925748850,0.229173034
8,281279961580091,0.265004275
9,281279996677043,0.300101227
10,281280028120277,0.331544461
11,281280069454278,0.372878462
12,281280175912456,0.479336640
13,281280210270561,0.513694745
14,281280319341805,0.622765989
15,281280341963927,0.645388111
16,281280366442663,0.669866847
17,281280411654261,0.715078445
18,281280458484314,0.761908498
19,281280489631949,0.793056133
20,281280510428465,0.813852649
21,281280556764861,0.860189045
22,281280603445681,0.906869865
23,281280626481055,0.929905239
24,281280649579179,0.953003363
25,281280730698679,1.034122863
26,281280756327018,1.059751202
27,281280779034574,1.082458758
28,281280805329857,1.108754041
29,281280885117501,1.188541685
30,281280929544682,1.232968866
31,281280955556348,1.258980532
32,281280977853729,1.281277913
33,281281024910393,1.328334577
34,281281047873190,1.351297374
35,281281074769924,1.378194108
36,281281099261439,1.402685623
37,281281158592306,1.462016490
38,281281181081047,1.484505231
39,281281197452089,1.500876273
40,281281216762469,1.520186653
41,281281251492397,1.554916581
42,281281299057447,1.602481631
43,281281317471471,1.620895655
44,281281341312028,1.644736212
45,281281378536860,1.681961044
46,281281398550797,1.701974981
47,281281440402800,1.743826984
48,281281459822893,1.763247077
49,281281499742995,1.803167179
50,281281519735664,1.823159848
51,281281537979616,1.841403800
52,281281573981849,1.877406033
53,281281604407356,1.907831540
54,281281626368548,1.929792732
55,281281646660902,1.950085086
56,281281672073203,1.975497387
57,281281731504110,2.034928294
58,281281755265777,2.058689961
59,281281775969213,2.079393397
60,281281800361387,2.103785571
61,281281859988215,2.163412399
62,281281879927580,2.183351764
63,281281897967727,2.201391911
64,281281917959974,2.221384158
65,281281952947488,2.256371672
66,281281998208528,2.301632712
67,281282018144801,2.321568985
68,281282046940090,2.350364274
69,281282097569046,2.400993230
70,281282133918307,2.437342491
71,281282152071991,2.455496175
72,281282170471727,2.473895911
73,281282199668485,2.503092669
74,281282223933274,2.527357458
75,281282261279051,2.564703235
76,281282283616809,2.587040993
77,281282318158296,2.621582480
78,281282341652260,2.645076444
79,281282365175095,2.668599279
80,281282402235806,2.705659990
81,281282433048367,2.736472551
82,281282474351246,2.777775430
83,281282503836461,2.807260645
84,281282544678117,2.848102301
85,281282581083874,2.884508058
86,281282600783510,2.904207694
87,281282643299712,2.946723896
88,281282700359096,3.003783280
89,281282735684151,3.039108335
90,281282763791008,3.067215192
91,281282787692152,3.091116336
92,281282826729840,3.130154024
93,281282859952754,3.163376938
94,281282885250712,3.188674896
95,281282909411723,3.212835907
96,281282950989723,3.254413907
97,281282991246214,3.294670398
98,281283009552128,3.312976312
99,281283046767373,3.350191557
100,281283092565146,3.395989330
101,281283127540733,3.430964917
102,281283146506603,3.449930787
103,281283181371996,3.484796180
104,281283221936997,3.525361181
105,281283250854984,3.554279168
106,281283284052682,3.587476866
107,281283317772212,3.621196396
108,281283355065361,3.658489545
109,281283387065752,3.690489936
110,281283420248564,3.723672748
111,281283455679800,3.759103984
112,281283504579615,3.808003799
113,281283536026487,3.839450671
114,281283564453179,3.867877363
115,281283591990894,3.895415078
116,281283631007703,3.934431887
117,281283660162000,3.963586184
118,281283689235111,3.992659295
119,281283721768656,4.025192840
120,281283762374682,4.065798866
121,281283798917003,4.102341187
122,281283826289593,4.129713777
123,281283862553131,4.165977315
124,281283915202780,4.218626964
125,281283945802182,4.249226366
126,281283966574539,4.269998723
127,281283994046399,4.297470583
128,281284028407381,4.331831565
129,281284104045663,4.407469847
130,281284129620583,4.433044767
131,281284150960049,4.454384233
132,281284175863208,4.479287392
133,281284242517877,4.545942061
134,281284260098731,4.563522915
135,281284276761999,4.580186183
136,281284298799656,4.602223840
137,281284335830626,4.639254810
138,281284390205966,4.693630150
139,281284412643932,4.716068116
140,281284433602275,4.737026459
141,281284471515696,4.774939880
142,281284510974780,4.814398964
143,281284537485674,4.840909858
144,281284571236809,4.874660993
145,281284609550325,4.912974509
146,281284658617538,4.962041722
147,281284686439171,4.989863355
148,281284706124615,5.009548799
149,281284749114423,5.052538607
150,281284802637831,5.106062015
151,281284819211332,5.122635516
152,281284841356177,5.144780361
153,281284890059757,5.193483941
154,281284930975182,5.234399366
155,281284949426647,5.252850831
156,281284979442045,5.282866229
157,281285009578753,5.313002937
158,281285056698143,5.360122327
159,281285088542352,5.391966536
160,281285113525038,5.416949222
161,281285148777296,5.452201480
162,281285186546272,5.489970456
163,281285215098232,5.518522416
164,281285250250727,5.553674911
165,281285320493180,5.623917364
166,281285337145034,5.640569218
167,281285353087741,5.656511925
168,281285381458281,5.684882465
169,281285438698614,5.742122798
170,281285458233468,5.761657652
171,281285485415902,5.788840086
172,281285518059078,5.821483262
173,281285573341650,5.876765834
174,281285591443153,5.894867337
175,281285624151164,5.927575348
176,281285658022152,5.961446336
177,281285728913059,6.032337243
178,281285747782761,6.051206945
179,281285769558634,6.072982818
180,281285789463525,6.092887709
181,281285828164342,6.131588526
182,281285869669272,6.173093456
183,281285889280114,6.192704298
184,281285932131561,6.235555745
185,281286003353447,6.306777631
186,281286025896976,6.329321160
187,281286046147230,6.349571414
188,281286064347858,6.367772042
189,281286126619664,6.430043848
190,281286145154143,6.448578327
191,281286170398462,6.473822646
192,281286198090289,6.501514473
193,281286255928425,6.559352609
194,281286278562223,6.581986407
195,281286302239386,6.605663570
196,281286335291010,6.638715194
197,281286401973667,6.705397851
198,281286421250145,6.724674329
199,281286440857666,6.744281850
200,281286469906162,6.773330346
201,281286527478005,6.830902189
202,281286546507959,6.849932143
203,281286574323481,6.877747665
204,281286603988924,6.907413108
205,281286666239957,6.969664141
206,281286688829733,6.992253917
207,281286706193142,7.009617326
208,281286739173100,7.042597284
209,281286818189389,7.121613573
210,281286843816903,7.147241087
211,281286866564842,7.169989026
212,281286891608399,7.195032583
213,281286963662412,7.267086596
214,281286987503296,7.290927480
215,281287007213684,7.310637868
216,281287030267480,7.333691664
217,281287103945659,7.407369843
218,281287130439531,7.433863715
219,281287150539647,7.453963831
220,281287188925638,7.492349822
221,281287245085764,7.548509948
222,281287264608676,7.568032860
223,281287288460280,7.591884464
224,281287308231250,7.611655434
225,281287342565900,7.645990084
226,281287392308691,7.695732875
227,281287410691392,7.714115576
228,281287432819096,7.736243280
229,281287471448241,7.774872425
230,281287514888923,7.818313107
231,281287533114536,7.836538720
232,281287554736760,7.858160944
233,281287606644977,7.910069161
234,281287648236543,7.951660727
235,281287677706644,7.981130828
236,281287700068807,8.003492991
237,281287744924946,8.048349130
238,281287800382601,8.103806785
239,281287821076660,8.124500844
240,281287842533348,8.145957532
241,281287890041810,8.193465994
242,281287925161901,8.228586085
243,281287948878229,8.252302413
244,281287976356405,8.279780589
245,281288017195169,8.320619353
246,281288058013774,8.361437958
247,281288079149646,8.382573830
248,281288100887432,8.404311616
249,281288147833190,8.451257374
250,281288194250854,8.497675038
251,281288217683329,8.521107513
252,281288238976838,8.542401022
253,281288284815547,8.588239731
254,281288331608441,8.635032625
255,281288349775051,8.653199235
256,281288378770782,8.682194966
257,281288418318529,8.721742713
258,281288471058882,8.774483066
259,281288490946674,8.794370858
260,281288515574919,8.818999103
261,281288549892285,8.853316469
262,281288615240465,8.918664649
263,281288640770913,8.944195097
264,281288666990444,8.970414628
265,281288690592368,8.994016552
266,281288707268691,9.010692875
267,281288754357733,9.057781917
268,281288778998760,9.082422944
269,281288806145466,9.109569650
270,281288845735146,9.149159330
271,281288916945468,9.220369652
272,281288936434032,9.239858216
273,281288965651984,9.269076168
274,281288989926221,9.293350405
275,281289049539894,9.352964078
276,281289075195287,9.378619471
277,281289101931012,9.405355196
278,281289122772401,9.426196585
279,281289188183060,9.491607244
280,281289206231796,9.509655980
281,281289226273381,9.529697565
282,281289247326256,9.550750440
283,281289324997548,9.628421732
284,281289349604032,9.653028216
285,281289373284557,9.676708741
286,281289397645290,9.701069474
287,281289457746668,9.761170852
288,281289489279940,9.792704124
289,281289510232699,9.813656883
290,281289531400369,9.834824553
291,281289588344141,9.891768325
292,281289612398689,9.915822873
293,281289634432477,9.937856661
294,281289658825128,9.962249312
295,281289734051379,10.037475563
296,281289755478749,10.058902933
297,281289778454666,10.081878850
298,281289799447441,10.102871625
299,281289832246636,10.135670820
300,281289891540303,10.194964487
301,281289911258887,10.214683071
302,281289928802117,10.232226301
303,281289960837691,10.264261875
304,281289994334955,10.297759139
305,281290033573711,10.336997895
306,281290063592684,10.367016868
307,281290108169334,10.411593518
308,281290129628573,10.433052757
309,281290166812431,10.470236615
310,281290200582707,10.504006891
311,281290243581558,10.547005742
312,281290266195569,10.569619753
313,281290306711831,10.610136015
314,281290336034906,10.639459090
315,281290376820519,10.680244703
316,281290400546945,10.703971129
317,281290447536029,10.750960213
318,281290472543488,10.775967672
319,281290517729468,10.821153652
320,281290539266872,10.842691056
321,281290585526441,10.888950625
322,281290607092799,10.910516983
323,281290640248753,10.943672937
324,281290673836147,10.977260331
325,281290716766311,11.020190495
326,281290737909467,11.041333651
327,281290778271408,11.081695592
328,281290809383031,11.112807215
329,281290845618667,11.149042851
330,281290874808099,11.178232283
331,281290926934742,11.230358926
332,281290974897938,11.278322122
333,281290996310937,11.299735121
334,281291013679219,11.317103403
335,281291052526707,11.355950891
336,281291102146175,11.405570359
337,281291118783560,11.422207744
338,281291147024335,11.450448519
339,281291196088731,11.499512915
340,281291234301276,11.537725460
341,281291251344295,11.554768479
342,281291285293957,11.588718141
343,281291321255033,11.624679217
344,281291360704764,11.664128948
345,281291382316314,11.685740498
346,281291423306179,11.726730363
347,281291485897056,11.789321240
348,281291510225275,11.813649459
349,281291530876478,11.834300662
350,281291557994303,11.861418487
351,281291619706043,11.923130227
352,281291639105186,11.942529370
353,281291659540394,11.962964578
354,281291687456051,11.990880235
355,281291743617471,12.047041655
356,281291768152337,12.071576521
357,281291790697045,12.094121229
358,281291828609594,12.132033778
359,281291909975640,12.213399824
360,281291929898226,12.233322410
361,281291955776316,12.259200500
362,281291978581782,12.282005966
363,281292039574402,12.342998586
364,281292061911684,12.365335868
365,281292084218121,12.387642305
366,281292105912713,12.409336897
367,281292133883756,12.437307940
368,281292185289314,12.488713498
369,281292203504446,12.506928630
370,281292234069548,12.537493732
371,281292276652253,12.580076437
372,281292316436827,12.619861011
373,281292337583315,12.641007499
374,281292368712026,12.672136210
375,281292408187542,12.711611726
376,281292451122496,12.754546680
377,281292473058529,12.776482713
378,281292502873612,12.806297796
379,281292538973216,12.842397400
380,281292576783907,12.880208091
381,281292603099615,12.906523799
382,281292643658804,12.947082988
383,281292720877902,13.024302086
384,281292740948294,13.044372478
385,281292760235564,13.063659748
386,281292780084825,13.083509009
387,281292815416813,13.118840997
388,281292854415415,13.157839599
389,281292876881736,13.180305920
390,281292913522447,13.216946631
391,281292985127363,13.288551547
392,281293005325230,13.308749414
393,281293024482236,13.327906420
394,281293044919983,13.348344167
395,281293112789334,13.416213518
396,281293129816912,13.433241096
397,281293146257788,13.449681972
398,281293178905212,13.482329396
399,281293215601719,13.519025903
400,281293252652072,13.556076256
401,281293282843766,13.586267950
402,281293316450478,13.619874662
403,281293376598598,13.680022782
404,281293397806422,13.701230606
405,281293418925872,13.722350056
406,281293451746034,13.755170218
407,281293514083930,13.817508114
408,281293534869403,13.838293587
409,281293554413001,13.857837185
410,281293587196217,13.890620401
411,281293641070882,13.944495066
412,281293660543313,13.963967497
413,281293686648811,13.990072995
414,281293724155483,14.027579667
415,281293782645758,14.086069942
416,281293803416139,14.106840323
417,281293823076474,14.126500658
418,281293864085810,14.167509994
419,281293940171193,14.243595377
420,281293963225630,14.266649814
421,281293989312263,14.292736447
422,281294012295490,14.315719674
423,281294082433597,14.385857781
424,281294102610091,14.406034275
425,281294122931465,14.426355649
426,281294143085272,14.446509456
427,281294226425832,14.529850016
428,281294248398233,14.551822417
429,281294268587929,14.572012113
430,281294287742603,14.591166787
431,281294323949985,14.627374169
432,281294358099713,14.661523897
433,281294379724374,14.683148558
434,281294400671435,14.704095619
435,281294435379706,14.738803890
436,281294467830267,14.771254451
437,281294514701687,14.818125871
438,281294537462592,14.840886776
439,281294591586156,14.895010340
440,281294613925657,14.917349841
441,281294655918466,14.959342650
442,281294674198230,14.977622414
443,281294713621751,15.017045935
444,281294739924275,15.043348459
445,281294783988012,15.087412196
446,281294816862837,15.120287021
447,281294842787811,15.146211995
448,281294876551470,15.179975654
449,281294932191036,15.235615220
450,281294951067788,15.254491972
451,281294981061467,15.284485651
452,281295012719352,15.316143536
453,281295079770198,15.383194382
454,281295102813363,15.406237547
455,281295123465089,15.426889273
456,281295148259403,15.451683587
457,281295225384349,15.528808533
458,281295245006851,15.548431035
459,281295264837333,15.568261517
460,281295292724770,15.596148954
461,281295356225611,15.659649795
462,281295389007968,15.692432152
463,281295411283234,15.714707418
464,281295437052329,15.740476513
465,281295505596321,15.809020505
466,281295526608574,15.830032758
467,281295544301912,15.847726096
468,281295570829175,15.874253359
469,281295625959804,15.929383988
470,281295645492755,15.948916939
471,281295663774399,15.967198583
472,281295686418739,15.989842923
473,281295753811256,16.057235440
474,281295776125573,16.079549757
475,281295797187274,16.100611458
476,281295822648089,16.126072273
477,281295883621125,16.187045309
478,281295901761554,16.205185738
479,281295928801764,16.232225948
480,281295961243122,16.264667306
481,281296031992851,16.335417035
482,281296053281001,16.356705185
483,281296073945295,16.377369479
484,281296095900825,16.399325009
485,281296131241642,16.434665826
486,281296173033010,16.476457194
487,281296198921891,16.502346075
488,281296234652876,16.538077060
489,281296291948938,16.595373122
490,281296309668872,16.613093056
491,281296330974835,16.634399019
492,281296367076096,16.670500280
493,281296422113678,16.725537862
494,281296440779973,16.744204157
495,281296467530154,16.770954338
496,281296506451593,16.809875777
497,281296557621287,16.861045471
498,281296581354355,16.884778539
499,281296603196671,16.906620855
500,281296645469085,16.948893269
501,281296701504721,17.004928905
502,281296721897761,17.025321945
503,281296743226895,17.046651079
504,281296775881880,17.079306064
505,281296824169136,17.127593320
506,281296842728410,17.146152594
507,281296875567089,17.178991273
508,281296908516738,17.211940922
509,281296966085071,17.269509255
510,281296983764206,17.287188390
511,281297011385377,17.314809561
512,281297046941708,17.350365892
513,281297092349193,17.395773377
514,281297110962498,17.414386682
515,281297147925632,17.451349816
516,281297179167654,17.482591838
517,281297247290462,17.550714646
518,281297269873509,17.573297693
519,281297292295420,17.595719604
520,281297315359239,17.618783423
521,281297385707392,17.689131576
522,281297404145854,17.707570038
523,281297422967630,17.726391814
524,281297457127330,17.760551514
525,281297488010644,17.791434828
526,281297540393587,17.843817771
527,281297562068998,17.865493182
528,281297589811188,17.893235372
529,281297630428637,17.933852821
530,281297679294863,17.982719047
531,281297698778966,18.002203150
532,281297731201956,18.034626140
533,281297755562824,18.058987008
534,281297790978848,18.094403032
535,281297840578436,18.144002620
536,281297862804472,18.166228656
537,281297891943729,18.195367913
538,281297932711232,18.236135416
539,281297993721533,18.297145717
540,281298015666432,18.319090616
541,281298043343284,18.346767468
542,281298063893843,18.367318027
543,281298125565974,18.428990158
544,281298148190428,18.451614612
545,281298166710675,18.470134859
546,281298195309798,18.498733982
547,281298249251781,18.552675965
548,281298275169444,18.578593628
549,281298299056094,18.602480278
550,281298338266790,18.641690974
551,281298407463295,18.710887479
552,281298429411135,18.732835319
553,281298450099016,18.753523200
554,281298474211568,18.777635752
555,281298505793098,18.809217282
556,281298550426696,18.853850880
557,281298575272045,18.878696229
558,281298606747485,18.910171669
559,281298650578790,18.954002974
560,281298695262804,18.998686988
561,281298712394374,19.015818558
562,281298739114153,19.042538337
563,281298785197986,19.088622170
564,281298825738987,19.129163171
565,281298843189620,19.146613804
566,281298875229635,19.178653819
567,281298913961371,19.217385555
568,281298954032104,19.257456288
569,281298983419093,19.286843277
570,281299015154322,19.318578506
571,281299089193015,19.392617199
572,281299110151518,19.413575702
573,281299129890148,19.433314332
574,281299151146960,19.454571144
575,281299209694499,19.513118683
576,281299228160209,19.531584393
577,281299247289852,19.550714036
578,281299283125458,19.586549642
579,281299328722060,19.632146244
580,281299351156280,19.654580464
581,281299383742498,19.687166682
582,281299426336319,19.729760503
583,281299487140505,19.790564689
584,281299508832174,19.812256358
585,281299525884675,19.829308859
586,281299553235814,19.856659998
587,281299621032509,19.924456693
588,281299642194184,19.945618368
589,281299663489121,19.966913305
590,281299689780303,19.993204487
591,281299743956644,20.047380828
592,281299763261074,20.066685258
593,281299795044724,20.098468908
594,281299828168979,20.131593163
595,281299889038410,20.192462594
596,281299909699250,20.213123434
597,281299930656782,20.234080966
598,281299966887969,20.270312153
599,281300038346998,20.341771182
600,281300060059063,20.363483247
601,281300079061635,20.382485819
602,281300108263909,20.411688093
603,281300171337155,20.474761339
604,281300192652964,20.496077148
605,281300210185420,20.513609604
606,281300231351401,20.534775585
607,281300301257859,20.604682043
608,281300319976594,20.623400778
609,281300345284177,20.648708361
610,281300368815462,20.672239646
611,281300428808475,20.732232659
612,281300446424960,20.749849144
613,281300467637649,20.771061833
614,281300507739448,20.811163632
615,281300559443094,20.862867278
616,281300583508566,20.886932750
617,281300603713858,20.907138042
618,281300645902688,20.949326872
619,281300718014052,21.021438236
620,281300738173646,21.041597830
621,281300757755996,21.061180180
622,281300782139879,21.085564063
623,281300840645555,21.144069739
624,281300863895265,21.167319449
625,281300889113176,21.192537360
626,281300907359902,21.210784086
627,281300967527089,21.270951273
628,281300987595969,21.291020153
629,281301011375879,21.314800063
630,281301049815367,21.353239551
631,281301130090433,21.433514617
632,281301153190025,21.456614209
633,281301182226828,21.485651012
634,281301203276360,21.506700544
635,281301258451778,21.561875962
636,281301280307095,21.583731279
637,281301306731368,21.610155552
638,281301325193885,21.628618069
639,281301385204505,21.688628689
640,281301410358116,21.713782300
641,281301429622933,21.733047117
642,281301451836336,21.755260520
643,281301524594472,21.828018656
644,281301544939747,21.848363931
645,281301566731784,21.870155968
646,281301592498606,21.895922790
647,281301648628806,21.952052990
648,281301670526582,21.973950766
649,281301690479181,21.993903365
650,281301724038766,22.027462950
651,281301786994109,22.090418293
652,281301806619385,22.110043569
653,281301827163486,22.130587670
654,281301866075154,22.169499338
655,281301926393260,22.229817444
656,281301945776852,22.249201036
657,281301966782174,22.270206358
658,281301996223809,22.299647993
659,281302050757594,22.354181778
660,281302075315617,22.378739801
661,281302095241426,22.398665610
662,281302135022215,22.438446399
663,281302229578387,22.533002571
664,281302249207495,22.552631679
665,281302272525890,22.575950074
666,281302291485761,22.594909945
667,281302324641469,22.628065653
668,281302370619624,22.674043808
669,281302392782787,22.696206971
670,281302423986533,22.727410717
671,281302446868348,22.750292532
672,281302468676853,22.772101037
673,281302517212621,22.820636805
674,281302552204221,22.855628405
675,281302578568477,22.881992661
676,281302604112754,22.907536938
677,281302645160365,22.948584549
678,281302685295958,22.988720142
679,281302709564795,23.012988979
680,281302745146449,23.048570633
681,281302790712971,23.094137155
682,281302824893496,23.128317680
683,281302847526700,23.150950884
684,281302876183714,23.179607898
685,281302913822272,23.217246456
686,281302951526170,23.254950354
687,281302981910866,23.285335050
688,281303014129146,23.317553330
689,281303054944299,23.358368483
690,281303098324031,23.401748215
691,281303123199290,23.426623474
692,281303147634797,23.451058981
693,281303196064871,23.499489055
694,281303250157867,23.553582051
695,281303284072589,23.587496773
696,281303335659279,23.639083463
697,281303358344070,23.661768254
698,281303400696151,23.704120335
699,281303429994311,23.733418495
700,281303474894057,23.778318241
701,281303495997352,23.799421536
702,281303531312531,23.834736715
703,281303551316461,23.854740645
704,281303598165881,23.901590065
705,281303616190925,23.919615109
706,281303656222149,23.959646333
707,281303683079374,23.986503558
708,281303726245155,24.029669339
709,281303743734469,24.047158653
710,281303786478893,24.089903077
711,281303805925886,24.109350070
712,281303827100661,24.130524845
713,281303863367037,24.166791221
714,281303903438954,24.206863138
715,281303927935087,24.231359271
716,281303963018849,24.266443033
717,281304007916143,24.311340327
718,281304041767364,24.345191548
719,281304069600562,24.373024746
720,281304096113813,24.399537997
721,281304134594661,24.438018845
722,281304170628452,24.474052636
723,281304200730030,24.504154214
724,281304235622962,24.539047146
725,281304289022791,24.592446975
726,281304327327179,24.630751363
727,281304350164836,24.653589020
728,281304374523063,24.677947247
729,281304414510148,24.717934332
730,281304451569487,24.754993671
731,281304474141357,24.777565541
732,281304505742791,24.809166975
733,281304553016038,24.856440222
734,281304578150893,24.881575077
735,281304605464185,24.908888369
736,281304645390236,24.948814420
737,281304731203980,25.034628164
738,281304750268156,25.053692340
739,281304772043590,25.075467774
740,281304794586727,25.098010911
741,281304852946373,25.156370557
742,281304881335831,25.184760015
743,281304907097276,25.210521460
744,281304931442571,25.234866755
745,281305001229378,25.304653562
746,281305023542960,25.326967144
747,281305041614247,25.345038431
748,281305068441423,25.371865607
749,281305128398428,25.431822612
750,281305146596358,25.450020542
751,281305165096288,25.468520472
752,281305184605727,25.488029911
753,281305217410806,25.520834990
754,281305284062434,25.587486618
755,281305310382836,25.613807020
756,281305328242442,25.631666626
757,281305373320034,25.676744218
758,281305417085608,25.720509792
759,281305436918350,25.740342534
760,281305459524968,25.762949152
761,281305509193494,25.812617678
762,281305565768325,25.869192509
763,281305590533921,25.893958105
764,281305613024699,25.916448883
765,281305632188530,25.935612714
766,281305657913912,25.961338096
767,281305725911224,26.029335408
768,281305746552285,26.049976469
769,281305787191798,26.090615982
770,281305812646006,26.116070190
771,281305851764373,26.155188557
772,281305873470891,26.176895075
773,281305907542574,26.210966758
774,281305930955558,26.234379742
775,281305966681535,26.270105719
776,281306008708967,26.312133151
777,281306043295635,26.346719819
778,281306071528430,26.374952614
779,281306096937873,26.400362057
780,281306140259126,26.443683310
781,281306187748549,26.491172733
782,281306208580811,26.512004995
783,281306232583617,26.536007801
784,281306287110703,26.590534887
785,281306337591639,26.641015823
786,281306357672447,26.661096631
787,281306378217380,26.681641564
788,281306418145209,26.721569393
789,281306450559454,26.753983638
790,281306473370778,26.776794962
791,281306507059562,26.810483746
792,281306547123521,26.850547705
793,281306589373887,26.892798071
794,281306609338184,26.912762368
795,281306635796596,26.939220780
796,281306677363678,26.980787862
797,281306710581046,27.014005230
798,281306744965911,27.048390095
799,281306810370090,27.113794274
800,281306828900252,27.132324436
801,281306859229772,27.162653956
802,281306883479059,27.186903243
803,281306912487710,27.215911894
804,281306954910311,27.258334495
805,281306998344046,27.301768230
806,281307021197226,27.324621410
807,281307045768218,27.349192402
808,281307091842331,27.395266515
809,281307122033765,27.425457949
810,281307148578591,27.452002775
811,281307182215198,27.485639382
812,281307223893483,27.527317667
813,281307256858241,27.560282425
814,281307290784697,27.594208881
815,281307316416571,27.619840755
816,281307357304696,27.660728880
817,281307398483440,27.701907624
818,281307421222058,27.724646242
819,281307454717679,27.758141863
820,281307497904352,27.801328536
821,281307527393137,27.830817321
822,281307553717490,27.857141674
823,281307590337024,27.893761208
824,281307627857702,27.931281886
825,281307658763055,27.962187239
826,281307688420957,27.991845141
827,281307726363602,28.029787786
828,281307774593006,28.078017190
829,281307802711096,28.106135280
830,281307824321919,28.127746103
831,281307863610075,28.167034259
832,281307912037522,28.215461706
833,281307939517376,28.242941560
834,281307961747195,28.265171379
835,281307992623808,28.296047992
836,281308034854701,28.338278885
837,281308105180929,28.408605113
838,281308127420551,28.430844735
839,281308144331030,28.447755214
840,281308167277736,28.470701920
841,281308199350086,28.502774270
842,281308244919445,28.548343629
843,281308264844341,28.568268525
844,281308302806721,28.606230905
845,281308376917135,28.680341319
846,281308395044415,28.698468599
847,281308415191152,28.718615336
848,281308437117265,28.740541449
849,281308497740203,28.801164387
850,281308517265682,28.820689866
851,281308536306609,28.839730793
852,281308568376327,28.871800511
853,281308618725855,28.922150039
854,281308636344497,28.939768681
855,281308672619506,28.976043690
856,281308706358878,29.009783062
857,281308759436256,29.062860440
858,281308781999090,29.085423274
859,281308808471039,29.111895223
860,281308846030527,29.149454711
861,281308914709072,29.218133256
862,281308931797748,29.235221932
863,281308949101391,29.252525575
864,281308977326681,29.280750865
865,281309033820478,29.337244662
866,281309053681935,29.357106119
867,281309081594462,29.385018646
868,281309117153569,29.420577753
869,281309187090360,29.490514544
870,281309206738301,29.510162485
871,281309228532721,29.531956905
872,281309249380903,29.552805087
873,281309323949048,29.627373232
874,281309347382152,29.650806336
875,281309378652955,29.682077139
876,281309401325364,29.704749548
877,281309461166668,29.764590852
878,281309489700422,29.793124606
879,281309507855509,29.811279693
880,281309528431454,29.831855638
881,281309558729474,29.862153658
882,281309604580935,29.908005119
883,281309624817837,29.928242021
884,281309662793167,29.966217351
885,281309723835820,30.027260004
886,281309744015412,30.047439596
887,281309770360796,30.073784980
888,281309800719397,30.104143581
889,281309867043283,30.170467467
890,281309890245552,30.193669736
891,281309907787967,30.211212151
892,281309924790190,30.228214374
893,281309962857310,30.266281494
894,281310008634324,30.312058508
895,281310028599173,30.332023357
896,281310068652910,30.372077094
897,281310131747364,30.435171548
898,281310150386658,30.453810842
899,281310177748775,30.481172959
900,281310201109267,30.504533451
901,281310252600650,30.556024834
902,281310274186639,30.577610823
903,281310301316581,30.604740765
904,281310337631614,30.641055798
905,281310413918462,30.717342646
906,281310433898638,30.737322822
907,281310452076344,30.755500528
908,281310482403879,30.785828063
909,281310537111884,30.840536068
910,281310556658191,30.860082375
911,281310576955264,30.880379448
912,281310605368284,30.908792468
913,281310663807966,30.967232150
914,281310686275197,30.989699381
915,281310705047625,31.008471809
916,281310743466778,31.046890962
917,281310808862927,31.112287111
918,281310838097427,31.141521611
919,281310866268851,31.169693035
920,281310899152150,31.202576334
921,281310954284419,31.257708603
922,281310977444089,31.280868273
923,281310997594363,31.301018547
924,281311016852277,31.320276461
925,281311087746109,31.391170293
926,281311108915444,31.412339628
927,281311130478103,31.433902287
928,281311148739558,31.452163742
929,281311188072611,31.491496795
930,281311224440458,31.527864642
931,281311248730157,31.552154341
932,281311281177642,31.584601826
933,281311318224208,31.621648392
934,281311358307848,31.661732032
935,281311384762270,31.688186454
936,281311416884540,31.720308724
937,281311458025953,31.761450137
938,281311505412399,31.808836583
939,281311523203693,31.826627877
940,281311556985238,31.860409422
941,281311627733681,31.931157865
942,281311646040057,31.949464241
943,281311665741398,31.969165582
944,281311692066296,31.995490480
945,281311758545967,32.061970151
946,281311779059929,32.082484113
947,281311799618219,32.103042403
948,281311827046777,32.130470961
949,281311897867623,32.201291807
950,281311917801038,32.221225222
951,281311940970479,32.244394663
952,281311961116017,32.264540201
953,281312018439316,32.321863500
954,281312037762025,32.341186209
955,281312062210435,32.365634619
956,281312099559602,32.402983786
957,281312157462041,32.460886225
958,281312185456924,32.488881108
959,281312204235689,32.507659873
960,281312235084889,32.538509073
961,281312305945269,32.609369453
962,281312325849227,32.629273411
963,281312350871366,32.654295550
964,281312386501910,32.689926094
965,281312458342131,32.761766315
966,281312480571600,32.783995784
967,281312499807141,32.803231325
968,281312518669055,32.822093239
969,281312585786469,32.889210653
970,281312605378412,32.908802596
971,281312624342743,32.927766927
972,281312644873212,32.948297396
973,281312719753737,33.023177921
974,281312743824179,33.047248363
975,281312763040424,33.066464608
976,281312794387993,33.097812177
977,281312852325710,33.155749894
978,281312875631331,33.179055515
979,281312898711450,33.202135634
980,281312915987365,33.219411549
981,281312951031912,33.254456096
982,281312996811674,33.300235858
983,281313013941129,33.317365313
984,281313045513163,33.348937347
985,281313120975591,33.424399775
986,281313141322858,33.444747042
987,281313165754274,33.469178458
988,281313190366299,33.493790483
989,281313246130802,33.549554986
990,281313268271751,33.571695935
991,281313292866193,33.596290377
992,281313319547993,33.622972177
993,281313375105264,33.678529448
994,281313398247429,33.701671613
995,281313421236919,33.724661103
996,281313455019647,33.758443831
997,281313531103439,33.834527623
998,281313551966462,33.855390646
999,281313572702173,33.876126357
1000,281313592771719,33.896195903
1001,281313629765919,33.933190103
1002,281313675396279,33.978820463
1003,281313693190736,33.996614920
1004,281313725340669,34.028764853
1005,281313765776326,34.069200510
1006,281313803952075,34.107376259
1007,281313825265060,34.128689244
1008,281313861526951,34.164951135
1009,281313937356622,34.240780806
1010,281313960425162,34.263849346
1011,281313988670674,34.292094858
1012,281314018071430,34.321495614
1013,281314064428551,34.367852735
1014,281314092521327,34.395945511
1015,281314115076642,34.418500826
1016,281314133834158,34.437258342
1017,281314185307563,34.488731747
1018,281314205052072,34.508476256
1019,281314236916372,34.540340556
1020,281314271684815,34.575108999
1021,281314330772512,34.634196696
1022,281314348361794,34.651785978
1023,281314369652823,34.673077007
1024,281314404147576,34.707571760
1025,281314458938204,34.762362388
1026,281314483380656,34.786804840
1027,281314508716451,34.812140635
1028,281314539926964,34.843351148
1029,281314602930171,34.906354355
1030,281314622849477,34.926273661
1031,281314641379762,34.944803946
1032,281314674072712,34.977496896
1033,281314732306227,35.035730411
1034,281314752689303,35.056113487
1035,281314783282069,35.086706253
1036,281314809846234,35.113270418
1037,281314872898774,35.176322958
1038,281314892085342,35.195509526
1039,281314913760692,35.217184876
1040,281314946608152,35.250032336
1041,281315015913406,35.319337590
1042,281315040400398,35.343824582
1043,281315068589080,35.372013264
1044,281315103347270,35.406771454
1045,281315159537019,35.462961203
1046,281315184098961,35.487523145
1047,281315204531258,35.507955442
1048,281315229187303,35.532611487
1049,281315294904384,35.598328568
1050,281315316505175,35.619929359
1051,281315337200596,35.640624780
1052,281315356908425,35.660332609
1053,281315430932603,35.734356787
1054,281315449683034,35.753107218
1055,281315474464244,35.777888428
1056,281315500764027,35.804188211
1057,281315567408113,35.870832297
1058,281315587828065,35.891252249
1059,281315606554033,35.909978217
1060,281315625461113,35.928885297
1061,281315666834050,35.970258234
1062,281315705078198,36.008502382
1063,281315723741690,36.027165874
1064,281315764470651,36.067894835
1065,281315829624998,36.133049182
1066,281315851137091,36.154561275
1067,281315876777091,36.180201275
1068,281315898553841,36.201978025
1069,281315953659829,36.257084013
1070,281315976725870,36.280150054
1071,281315998339844,36.301764028
1072,281316030198765,36.333622949
1073,281316087824284,36.391248468
1074,281316107245461,36.410669645
1075,281316129494001,36.432918185
1076,281316166821867,36.470246051
1077,281316222417998,36.525842182
1078,281316247036928,36.550461112
1079,281316269732115,36.573156299
1080,281316303677980,36.607102164
1081,281316361918681,36.665342865
1082,281316383142397,36.686566581
1083,281316403500726,36.706924910
1084,281316436291765,36.739715949
1085,281316504090747,36.807514931
1086,281316525139109,36.828563293
1087,281316550980623,36.854404807
1088,281316574907789,36.878331973
1089,281316629927445,36.933351629
1090,281316648818217,36.952242401
1091,281316678041035,36.981465219
1092,281316705961855,37.009386039
1093,281316760450926,37.063875110
1094,281316782687733,37.086111917
1095,281316810648537,37.114072721
1096,281316846801883,37.150226067
1097,281316919686856,37.223111040
1098,281316938249898,37.241674082
1099,281316961824628,37.265248812
1100,281316995556811,37.298980995
1101,281317049011493,37.352435677
1102,281317070388785,37.373812969
1103,281317095072098,37.398496282
1104,281317115341965,37.418766149
1105,281317174232612,37.477656796
1106,281317194681167,37.498105351
1107,281317213680853,37.517105037
1108,281317250851681,37.554275865
1109,281317310299589,37.613723773
1110,281317336051961,37.639476145
1111,281317357253630,37.660677814
1112,281317387530588,37.690954772
1113,281317444805570,37.748229754
1114,281317463614039,37.767038223
1115,281317485803056,37.789227240
1116,281317528713915,37.832138099
1117,281317613659703,37.917083887
1118,281317634811275,37.938235459
1119,281317651828510,37.955252694
1120,281317684362359,37.987786543
1121,281317747553963,38.050978147
1122,281317776661317,38.080085501
1123,281317799700429,38.103124613
1124,281317819954935,38.123379119
1125,281317881717445,38.185141629
1126,281317900914438,38.204338622
1127,281317919785514,38.223209698
1128,281317938531429,38.241955613
1129,281318006271385,38.309695569
1130,281318039804975,38.343229159
1131,281318067638021,38.371062205
1132,281318091066349,38.394490533
1133,281318142442931,38.445867115
1134,281318161698075,38.465122259
1135,281318186963004,38.490387188
1136,281318210223414,38.513647598
1137,281318262489943,38.565914127
1138,281318284020559,38.587444743
1139,281318305292814,38.608716998
1140,281318334010899,38.637435083
1141,281318398560707,38.701984891
1142,281318419200637,38.722624821
1143,281318449491723,38.752915907
1144,281318470673429,38.774097613
1145,281318526550000,38.829974184
1146,281318544670695,38.848094879
1147,281318570852318,38.874276502
1148,281318606249437,38.909673621
1149,281318663529302,38.966953486
1150,281318684826001,38.988250185
1151,281318706988144,39.010412328
1152,281318748442034,39.051866218
1153,281318828550592,39.131974776
1154,281318849119356,39.152543540
1155,281318871890542,39.175314726
1156,281318893185962,39.196610146
1157,281318952250632,39.255674816
1158,281318971206873,39.274631057
1159,281318990375557,39.293799741
1160,281319010054486,39.313478670
1161,281319048475530,39.351899714
1162,281319098361876,39.401786060
1163,281319118252156,39.421676340
1164,281319150271171,39.453695355
1165,281319225953782,39.529377966
1166,281319248198520,39.551622704
1167,281319267252646,39.570676830
1168,281319296328172,39.599752356
1169,281319353213315,39.656637499
1170,281319376389738,39.679813922
1171,281319395742593,39.699166777
1172,281319420891843,39.724316027
1173,281319484771270,39.788195454
1174,281319504793775,39.808217959
1175,281319523665171,39.827089355
1176,281319554166011,39.857590195
1177,281319617850690,39.921274874
1178,281319638784367,39.942208551
1179,281319662953052,39.966377236
1180,281319693670877,39.997095061
1181,281319757511206,40.060935390
1182,281319778831391,40.082255575
1183,281319795477597,40.098901781
1184,281319826917175,40.130341359
1185,281319886871076,40.190295260
1186,281319905007179,40.208431363
1187,281319926419667,40.229843851
1188,281319970590411,40.274014595
1189,281320033536521,40.336960705
1190,281320056417864,40.359842048
1191,281320082592985,40.386017169
1192,281320107388025,40.410812209
1193,281320166254401,40.469678585
1194,281320193830140,40.497254324
1195,281320213304846,40.516729030
1196,281320235057087,40.538481271
1197,281320301303193,40.604727377
1198,281320322552566,40.625976750
1199,281320340444193,40.643868377
1200,281320366237969,40.669662153
1201,281320424612230,40.728036414
1202,281320442046798,40.745470982
1203,281320471515326,40.774939510
1204,281320503758680,40.807182864
1205,281320555615721,40.859039905
1206,281320576068352,40.879492536
1207,281320608533832,40.911958016
1208,281320638850614,40.942274798
1209,281320700209901,41.003634085
1210,281320719150978,41.022575162
1211,281320742247204,41.045671388
1212,281320775547933,41.078972117
1213,281320830558530,41.133982714
1214,281320850852836,41.154277020
1215,281320879265688,41.182689872
1216,281320914600135,41.218024319
1217,281320977994094,41.281418278
1218,281321001817984,41.305242168
1219,281321020904704,41.324328888
1220,281321047039204,41.350463388
1221,281321105743650,41.409167834
1222,281321124554979,41.427979163
1223,281321146229249,41.449653433
1224,281321186738810,41.490162994
1225,281321240546092,41.543970276
1226,281321258487724,41.561911908
1227,281321286060562,41.589484746
1228,281321324407405,41.627831589
1229,281321384623328,41.688047512
1230,281321402172971,41.705597155
1231,281321425739396,41.729163580
1232,281321459383099,41.762807283
1233,281321538992373,41.842416557
1234,281321557825218,41.861249402
1235,281321580997794,41.884421978
1236,281321597812040,41.901236224
1237,281321633604725,41.937028909
1238,281321688937735,41.992361919
1239,281321708885429,42.012309613
1240,281321729487676,42.032911860
1241,281321765340067,42.068764251
1242,281321813623997,42.117048181
1243,281321833792003,42.137216187
1244,281321859578786,42.163002970
1245,281321894168465,42.197592649
1246,281321933010756,42.236434940
1247,281321962915589,42.266339773
1248,281321995786062,42.299210246
1249,281322054439476,42.357863660
1250,281322079021767,42.382445951
1251,281322100888526,42.404312710
1252,281322135839343,42.439263527
1253,281322199529775,42.502953959
1254,281322218102952,42.521527136
1255,281322236162276,42.539586460
1256,281322268986641,42.572410825
1257,281322327162364,42.630586548
1258,281322347277352,42.650701536
1259,281322367263327,42.670687511
1260,281322404504862,42.707929046
1261,281322457232805,42.760656989
1262,281322501617591,42.805041775
1263,281322527238176,42.830662360
1264,281322547265662,42.850689846
1265,281322587151137,42.890575321
1266,281322606306498,42.909730682
1267,281322638379438,42.941803622
1268,281322676790324,42.980214508
1269,281322724467719,43.027891903
1270,281322744444987,43.047869171
1271,281322778239379,43.081663563
1272,281322811282831,43.114707015
1273,281322849432800,43.152856984
1274,281322874812430,43.178236614
1275,281322913995063,43.217419247
1276,281322945310192,43.248734376
1277,281322998352603,43.301776787
1278,281323017130062,43.320554246
1279,281323051315216,43.354739400
1280,281323079313024,43.382737208
1281,281323122925588,43.426349772
1282,281323146710336,43.450134520
1283,281323192324799,43.495748983
1284,281323214838050,43.518262234
1285,281323252129101,43.555553285
1286,281323285217309,43.588641493
1287,281323321366969,43.624791153
1288,281323352178834,43.655603018
1289,281323397262495,43.700686679
1290,281323418458502,43.721882686
1291,281323455817499,43.759241683
1292,281323486673314,43.790097498
1293,281323524166475,43.827590659
1294,281323557528321,43.860952505
1295,281323599044109,43.902468293
1296,281323627513493,43.930937677
1297,281323673276146,43.976700330
1298,281323694828705,43.998252889
1299,281323736297143,44.039721327
1300,281323759656113,44.063080297
1301,281323800244991,44.103669175
1302,281323827962940,44.131387124
1303,281323863313607,44.166737791
1304,281323902207905,44.205632089
1305,281323942687632,44.246111816
1306,281323962888074,44.266312258
1307,281324000416475,44.303840659
1308,281324032380178,44.335804362
1309,281324081560230,44.384984414
1310,281324099648404,44.403072588
1311,281324133653644,44.437077828
1312,281324168115902,44.471540086
1313,281324210790203,44.514214387
1314,281324230802969,44.534227153
1315,281324269082140,44.572506324
1316,281324299568235,44.602992419
1317,281324338773904,44.642198088
1318,281324371925302,44.675349486
1319,281324413483195,44.716907379
1320,281324435892706,44.739316890
1321,281324487465622,44.790889806
1322,281324513442293,44.816866477
1323,281324559737044,44.863161228
1324,281324581198192,44.884622376
1325,281324618445492,44.921869676
1326,281324639054229,44.942478413
1327,281324676858289,44.980282473
1328,281324707965520,45.011389704
