frame_index,receive_monotonic_ns,relative_s,uvc_pts,uvc_scr_stc,uvc_payload_host_monotonic_ns,uvc_source_mapped_monotonic_ns,uvc_source_relative_s,source_minus_receive_ms
0,279291302180368,0.000000000,413112698,413416853,279291311754345,279291289830708,0.000000000,-12.349660
1,279291330788749,0.028608381,413621130,413623103,279291323812831,279291323724548,0.033893840,-7.064201
2,279291365388179,0.063207811,414129562,414131243,279291355834008,279291357618388,0.067787680,-7.769791
3,279291402126197,0.099945829,414637995,414641225,279291391799984,279291391512295,0.101681587,-10.613902
4,279291435128763,0.132948395,415146427,415149322,279291423755882,279291425406135,0.135575427,-9.722628
5,279291467478385,0.165298017,415654859,415657425,279291459765717,279291459299975,0.169469267,-8.178410
6,279291501697886,0.199517518,416163291,416165541,279291491771271,279291493193815,0.203363107,-8.504071
7,279291538400912,0.236220544,416671723,416673670,279291527760025,279291527087655,0.237256947,-11.313257
8,279291573445023,0.271264655,417180155,417181812,279291559751878,279291560981496,0.271150788,-12.463527
9,279291601902108,0.299721740,417688587,417691855,279291595757533,279291594875336,0.305044628,-7.026772
10,279291633918229,0.331737861,418197020,418199965,279291627806325,279291628769243,0.338938535,-5.148986
11,279291670083760,0.367903392,418705452,418708044,279291663726220,279291662663083,0.372832375,-7.420677
12,279291773133311,0.470952943,419722316,419724290,279291731738393,279291730450763,0.440620055,-42.682548
13,279291805488740,0.503308372,420230748,420232401,279291763768236,279291764344603,0.474513895,-41.144137
14,279291834787817,0.532607449,420739180,420742414,279291799755979,279291798238443,0.508407735,-36.549374
15,279291861303269,0.559122901,421247612,421250575,279291831861794,279291832132284,0.542301576,-29.170985
16,279291901655265,0.599474897,421756045,421758676,279291867756258,279291866026190,0.576195482,-35.629075
17,279291939101089,0.636920721,422264477,422266792,279291899790056,279291899920030,0.610089322,-39.181059
18,279291973860490,0.671680122,422772909,422774943,279291931788935,279291933813871,0.643983163,-40.046619
19,279291999235434,0.697055066,423281341,423283072,279291967760830,279291967707711,0.677877003,-31.527723
20,279292037124508,0.734944140,423789773,423793063,279291999728327,279292001601551,0.711770843,-35.522957
21,279292079214480,0.777034112,424298205,424301195,279292035719462,279292035495391,0.745664683,-43.719089
22,279292103157918,0.800977550,424806637,424809355,279292067744293,279292069389231,0.779558523,-33.768687
23,279292130118687,0.827938319,425315069,425317455,279292103718696,279292103283071,0.813452363,-26.835616
24,279292169576651,0.867396283,425823502,425825601,279292135723049,279292137176978,0.847346270,-32.399673
25,279292204283844,0.902103476,426331934,426333722,279292171816403,279292171070818,0.881240110,-33.213026
26,279292227582174,0.925401806,426840366,426841820,279292203755541,279292204964659,0.915133951,-22.617515
27,279292245055816,0.942875448,427348798,427351868,279292239731039,279292238858499,0.949027791,-6.197317
28,279292261354007,0.959173639,427857230,427859950,279292271725379,279292272752339,0.982921631,11.398332
29,279292326426212,1.024245844,428365662,428368097,279292307726123,279292306646179,1.016815471,-19.780033
30,279292347475796,1.045295428,428874094,428876194,279292339713903,279292340540019,1.050709311,-6.935777
31,279292368294143,1.066113775,429382527,429384367,279292375725405,279292374433926,1.084603218,6.139783
32,279292395872753,1.093692385,429890959,429892524,279292407716733,279292408327766,1.118497058,12.455013
33,279292454920752,1.152740384,430399391,430402496,279292443719751,279292442221606,1.152390898,-12.699146
34,279292481356021,1.179175653,430907823,430910613,279292475756444,279292476115447,1.186284739,-5.240574
35,279292501133012,1.198952644,431416255,431418716,279292511698890,279292510009287,1.220178579,8.876275
36,279292519245539,1.217065171,431924687,431926846,279292543746588,279292543903127,1.254072419,24.657588
37,279292553406441,1.251226073,432433119,432434944,279292575715169,279292577796967,1.287966259,24.390526
38,279292602110211,1.299929843,432941551,432943094,279292611697724,279292611690807,1.321860099,9.580596
39,279292621488754,1.319308386,433449984,433453071,279292643756783,279292645584714,1.355754006,24.095960
40,279292655659170,1.353478802,433958416,433961183,279292679692318,279292679478554,1.389647846,23.819384
41,279292700866234,1.398685866,434466848,434469304,279292711722096,279292713372394,1.423541686,12.506160
42,279292742458621,1.440278253,434975280,434977444,279292747682361,279292747266234,1.457435526,4.807613
43,279292763818208,1.461637840,435483712,435485554,279292779709688,279292781160075,1.491329367,17.341867
44,279292794084212,1.491903844,435992144,435993684,279292815672323,279292815053915,1.525223207,20.969703
45,279292830872464,1.528692096,436500576,436503667,279292847708974,279292848947755,1.559117047,18.075291
46,279292885675450,1.583495082,437009008,437011812,279292883661237,279292882841595,1.593010887,-2.833855
47,279292914517029,1.612336661,437517441,437519935,279292915700051,279292916735502,1.626904794,2.218473
48,279292936010999,1.633830631,438025873,438028087,279292951668258,279292950629342,1.660798634,14.618343
49,279292973330936,1.671150568,438534305,438536195,279292983753363,279292984523182,1.694692474,11.192246
50,279293015473615,1.713293247,439042737,439044302,279293019710442,279293018417022,1.728586314,2.943407
51,279293035157413,1.732977045,439551169,439554312,279293051823634,279293052310863,1.762480155,17.153450
52,279293058788703,1.756608335,440059601,440062446,279293087726745,279293086204703,1.796373995,27.416000
53,279293104822070,1.802641702,440568033,440570602,279293119703925,279293120098543,1.830267835,15.276473
54,279293147851104,1.845670736,441076465,441078725,279293155677010,279293153992383,1.864161675,6.141279
55,279293173226853,1.871046485,441584898,441586878,279293187674633,279293187886290,1.898055582,14.659437
56,279293193938584,1.891758216,442093330,442094980,279293219686629,279293221780130,1.931949422,27.841546
57,279293227184639,1.925004271,442601762,442604965,279293255667774,279293255673970,1.965843262,28.489331
58,279293268324465,1.966144097,443110194,443113062,279293287751542,279293289567810,1.999737102,21.243345
59,279293300673095,1.998492727,443618626,443621190,279293323699180,279293323461651,2.033630943,22.788556
60,279293334991633,2.032811265,444127058,444129309,279293355690599,279293357355491,2.067524783,22.363858
61,279293400324059,2.098143691,444635490,444637417,279293391791691,279293391249331,2.101418623,-9.074728
62,279293422683305,2.120502937,445143922,445145560,279293423658297,279293425143171,2.135312463,2.459866
63,279293443645327,2.141464959,445652355,445655527,279293459693917,279293459037078,2.169206370,15.391751
64,279293466126879,2.163946511,446160787,446163658,279293491682837,279293492930918,2.203100210,26.804039
65,279293497812737,2.195632369,446669219,446671765,279293527648473,279293526824758,2.236994050,29.012021
66,279293534520612,2.232340244,447177651,447179917,279293559647477,279293560718598,2.270887890,26.197986
67,279293566214126,2.264033758,447686083,447688011,279293595764405,279293594612438,2.304781730,28.398312
68,279293610379886,2.308199518,448194515,448196150,279293627659088,279293628506279,2.338675571,18.126393
69,279293673625947,2.371445579,448702947,448706161,279293663681851,279293662400119,2.372569411,-11.225828
70,279293697830546,2.395650178,449211380,449214289,279293695702789,279293696294026,2.406463318,-1.536520
71,279293718043188,2.415862820,449719812,449722447,279293731666932,279293730187866,2.440357158,12.144678
72,279293739386914,2.437206546,450228244,450230570,279293763663205,279293764081706,2.474250998,24.694792
73,279293802786630,2.500606262,450736676,450738682,279293799613631,279293797975546,2.508144838,-4.811084
74,279293821461921,2.519281553,451245108,451246795,279293831642145,279293831869386,2.542038678,10.407465
75,279293839152312,2.536971944,451753540,451756796,279293867649316,279293865763226,2.575932518,26.610914
76,279293878332807,2.576152439,452261972,452264923,279293899668963,279293899657067,2.609826359,21.324260
77,279293946012816,2.643832448,452770405,452773042,279293931672090,279293933550973,2.643720265,-12.461843
78,279293967235998,2.665055630,453278837,453281169,279293967647985,279293967444814,2.677614106,0.208816
79,279293986347282,2.684166914,453787269,453789282,279293999661427,279294001338654,2.711507946,14.991372
80,279294006706967,2.704526599,454295701,454297389,279294035686867,279294035232494,2.745401786,28.525527
81,279294042054520,2.739874152,454804133,454807421,279294067710994,279294069126334,2.779295626,27.071814
82,279294085551329,2.783370961,455312565,455315529,279294103642908,279294103020174,2.813189466,17.468845
83,279294109734192,2.807553824,455820997,455823672,279294135679416,279294136914014,2.847083306,27.179822
84,279294145382950,2.843202582,456329429,456331803,279294171656775,279294170807855,2.880977147,25.424905
85,279294212893635,2.910713267,456837862,456839937,279294203619963,279294204701761,2.914871053,-8.191874
86,279294233245494,2.931065126,457346294,457348028,279294239627409,279294238595602,2.948764894,5.350108
87,279294250381228,2.948200860,457854726,457858029,279294271628134,279294272489442,2.982658734,22.108214
88,279294278160203,2.975979835,458363158,458366152,279294307637417,279294306383282,3.016552574,28.223079
89,279294333695690,3.031515322,458871590,458874295,279294339648864,279294340277122,3.050446414,6.581432
90,279294356647610,3.054467242,459380022,459382434,279294375670527,279294374170962,3.084340254,17.523352
91,279294382629680,3.080449312,459888454,459890530,279294407753525,279294408064802,3.118234094,25.435122
92,279294416174484,3.113994116,460396886,460398680,279294443625658,279294441958642,3.152127934,25.784158
93,279294480319909,3.178139541,460905319,460906809,279294475664563,279294475852549,3.186021841,-4.467360
94,279294506742285,3.204561917,461413751,461416805,279294511580052,279294509746390,3.219915682,3.004105
95,279294526112374,3.223932006,461922183,461924924,279294543784344,279294543640230,3.253809522,17.527856
96,279294551431153,3.249250785,462430615,462433033,279294575611773,279294577534070,3.287703362,26.102917
97,279294605466446,3.303286078,462939047,462941139,279294611716755,279294611427910,3.321597202,5.961464
98,279294625190325,3.323009957,463447479,463449296,279294643687945,279294645321750,3.355491042,20.131425
99,279294650779105,3.348598737,463955911,463957416,279294679615894,279294679215590,3.389384882,28.436485
100,279294688771563,3.386591195,464464344,464467417,279294711595933,279294713109497,3.423278789,24.337934
101,279294740746035,3.438565667,464972776,464975528,279294747609194,279294747003337,3.457172629,6.257302
102,279294766600790,3.464420422,465481208,465483628,279294779592854,279294780897177,3.491066469,14.296387
103,279294786983100,3.484802732,465989640,465991754,279294815599133,279294814791018,3.524960310,27.807918
104,279294830150803,3.527970435,466498072,466499892,279294847583857,279294848684858,3.558854150,18.534055
105,279294892910959,3.590730591,467006504,467007975,279294883631867,279294882578698,3.592747990,-10.332261
106,279294918509750,3.616329382,467514936,467517972,279294915734419,279294916472538,3.626641830,-2.037212
107,279294935931027,3.633750659,468023368,468026106,279294951744898,279294950366378,3.660535670,14.435351
108,279294959717184,3.657536816,468531801,468534227,279294983614337,279294984260285,3.694429577,24.543101
109,279295026325543,3.724145175,469040233,469042343,279295019661878,279295018154125,3.728323417,-8.171418
110,279295046378310,3.744197942,469548665,469550475,279295051636014,279295052047965,3.762217257,5.669655
111,279295070469391,3.768289023,470057097,470058614,279295087673582,279295085941806,3.796111098,15.472415
112,279295096952024,3.794771656,470565529,470568607,279295119588266,279295119835646,3.830004938,22.883622
113,279295150931455,3.848751087,471073961,471076730,279295155568453,279295153729486,3.863898778,2.798031
114,279295173145630,3.870965262,471582393,471584863,279295187589332,279295187623326,3.897792618,14.477696
115,279295193907058,3.891726690,472090825,472092981,279295219692331,279295221517166,3.931686458,27.610108
116,279295231200505,3.929020137,472599258,472601068,279295255605328,279295255411073,3.965580365,24.210568
117,279295288379353,3.986198985,473107690,473109193,279295287697396,279295289304913,3.999474205,0.925560
118,279295307816446,4.005636078,473616122,473619170,279295323730076,279295323198753,4.033368045,15.382307
119,279295330735145,4.028554777,474124554,474127325,279295355598320,279295357092594,4.067261886,26.357449
120,279295364152541,4.061972173,474632986,474635443,279295391603416,279295390986434,4.101155726,26.833893
121,279295423873448,4.121693080,475141418,475143613,279295423671779,279295424880274,4.135049566,1.006826
122,279295449499414,4.147319046,475649850,475651700,279295459619548,279295458774114,4.168943406,9.274700
123,279295475733818,4.173553450,476158282,476159828,279295491571300,279295492667954,4.202837246,16.934136
124,279295502735531,4.200555163,476666715,476669822,279295527605362,279295526561861,4.236731153,23.826330
125,279295549841073,4.247660705,477175147,477177942,279295559600226,279295560455701,4.270624993,10.614628
126,279295583582332,4.281401964,477683579,477686074,279295595559404,279295594349541,4.304518833,10.767209
127,279295603955846,4.301775478,478192011,478194222,279295627696019,279295628243381,4.338412673,24.287535
128,279295635552748,4.333372380,478700443,478702340,279295663552351,279295662137222,4.372306514,26.584474
129,279295691205177,4.389024809,479208875,479210475,279295695608168,279295696031062,4.406200354,4.825885
130,279295715888980,4.413708612,479717307,479720443,279295731658070,279295729924902,4.440094194,14.035922
131,279295738636790,4.436456422,480225740,480228568,279295763670037,279295763818809,4.473988101,25.182019
132,279295774054816,4.471874448,480734172,480736664,279295799513638,279295797712649,4.507881941,23.657833
133,279295826095950,4.523915582,481242604,481244743,279295831546574,279295831606489,4.541775781,5.510539
134,279295846799733,4.544619365,481751036,481752869,279295863553320,279295865500329,4.575669621,18.700596
135,279295870743467,4.568563099,482259468,482260980,279295899654521,279295899394169,4.609563461,28.650702
136,279295910443556,4.608263188,482767900,482770970,279295931589541,279295933288010,4.643457302,22.844454
137,279295971222184,4.669041816,483276332,483279112,279295967562528,279295967181850,4.677351142,-4.040334
138,279295999192249,4.697011881,483784765,483787208,279295999653886,279296001075757,4.711245049,1.883508
139,279296017368722,4.715188354,484293197,484295347,279296035717188,279296034969597,4.745138889,17.600875
140,279296042006170,4.739825802,484801629,484803444,279296067559339,279296068863437,4.779032729,26.857267
141,279296097582899,4.795402531,485310061,485311589,279296103667012,279296102757277,4.812926569,5.174378
142,279296119292938,4.817112570,485818493,485821578,279296135692872,279296136651117,4.846820409,17.358179
143,279296145472434,4.843292066,486326925,486329697,279296171551430,279296170544957,4.880714249,25.072523
144,279296179753880,4.877573512,486835357,486837860,279296203546334,279296204438798,4.914608090,24.684918
145,279296235559911,4.933379543,487343789,487345980,279296239614630,279296238332638,4.948501930,2.772727
146,279296258041048,4.955860680,487852222,487854091,279296271640431,279296272226544,4.982395836,14.185496
147,279296280513766,4.978333398,488360654,488362208,279296307577466,279296306120385,5.016289677,25.606619
148,279296316070581,5.013890213,488869086,488872187,279296339525594,279296340014225,5.050183517,23.943644
149,279296364813047,5.062632679,489377518,489380318,279296375500834,279296373908065,5.084077357,9.095018
150,279296385345825,5.083165457,489885950,489888457,279296407681506,279296407801905,5.117971197,22.456080
151,279296418469108,5.116288740,490394382,490396609,279296443496249,279296441695745,5.151865037,23.226637
152,279296450948563,5.148768195,490902814,490904748,279296475536932,279296475589585,5.185758877,24.641022
153,279296520726022,5.218545654,491411247,491412847,279296507513733,279296509483492,5.219652784,-11.242530
154,279296541377562,5.239197194,491919679,491922838,279296543508783,279296543377332,5.253546624,1.999770
155,279296559097926,5.256917558,492428111,492430981,279296575626495,279296577271173,5.287440465,18.173247
156,279296583481272,5.281300904,492936543,492939113,279296611571782,279296611165013,5.321334305,27.683741
157,279296617886906,5.315706538,493444975,493447273,279296643584402,279296645058853,5.355228145,27.171947
158,279296662172677,5.359992309,493953407,493955383,279296679628502,279296678952693,5.389121985,16.780016
159,279296685953721,5.383773353,494461839,494463533,279296711685548,279296712846533,5.423015825,26.892812
160,279296723720221,5.421539853,494970271,494973548,279296747556751,279296746740373,5.456909665,23.020152
161,279296759019441,5.456839073,495478704,495481679,279296779671381,279296780634280,5.490803572,21.614839
162,279296808465104,5.506284736,495987136,495989820,279296815511361,279296814528120,5.524697412,6.063016
163,279296825750862,5.523570494,496495568,496497944,279296847670741,279296848421961,5.558591253,22.671099
164,279296855598971,5.553418603,497004000,497006040,279296883518841,279296882315801,5.592485093,26.716830
165,279296908306903,5.606126535,497512432,497514177,279296915511767,279296916209641,5.626378933,7.902738
166,279296961113808,5.658933440,498020864,498022321,279296951555965,279296950103481,5.660272773,-11.010327
167,279296982547152,5.680366784,498529296,498532337,279296983657908,279296983997321,5.694166613,1.450169
168,279297001946229,5.699765861,499037728,499040414,279297019457799,279297017891161,5.728060453,15.944932
169,279297036016549,5.733836181,499546161,499548552,279297051606957,279297051785068,5.761954360,15.768519
170,279297061411794,5.759231426,500054593,500056667,279297087462531,279297085678908,5.795848200,24.267114
171,279297102846697,5.800666329,500563025,500564784,279297119628816,279297119572748,5.829742040,16.726051
172,279297132597388,5.830417020,501071457,501072909,279297151501518,279297153466589,5.863635881,20.869201
173,279297184386810,5.882206442,501579889,501582901,279297187522541,279297187360429,5.897529721,2.973619
174,279297228194067,5.926013699,502088321,502091008,279297219577340,279297221254269,5.931423561,-6.939798
175,279297245189902,5.943009534,502596753,502599154,279297255526553,279297255148109,5.965317401,9.958207
176,279297263831572,5.961651204,503105185,503107309,279297287475480,279297289041949,5.999211241,25.210377
177,279297303669276,6.001488908,503613618,503615457,279297323605458,279297322935856,6.033105148,19.266580
178,279297331793991,6.029613623,504122050,504123565,279297355537591,279297356829696,6.066998988,25.035705
179,279297376681224,6.074500856,504630482,504633571,279297391597009,279297390723536,6.100892828,14.042312
180,279297397868539,6.095688171,505138914,505141679,279297423465227,279297424617377,6.134786669,26.748838
181,279297431104221,6.128923853,505647346,505649786,279297459486582,279297458511217,6.168680509,27.406996
182,279297472289024,6.170108656,506155778,506157911,279297491595766,279297492405057,6.202574349,20.116033
183,279297522844041,6.220663673,506664210,506666045,279297527548700,279297526298897,6.236468189,3.454856
184,279297546643950,6.244463582,507172642,507174143,279297559473251,279297560192737,6.270362029,13.548787
185,279297601681185,6.299500817,507681075,507684138,279297595553734,279297594086644,6.304255936,-7.594541
186,279297644171272,6.341990904,508189507,508192249,279297627463087,279297627980484,6.338149776,-16.190788
187,279297660987605,6.358807237,508697939,508700355,279297663480457,279297661874324,6.372043616,0.886719
188,279297685441361,6.383260993,509206371,509208508,279297695462038,279297695768165,6.405937457,10.326804
189,279297717987389,6.415807021,509714803,509716676,279297731551992,279297729662005,6.439831297,11.674616
190,279297740292506,6.438112138,510223235,510224787,279297763485215,279297763555845,6.473725137,23.263339
191,279297782034744,6.479854376,510731667,510734765,279297795632211,279297797449685,6.507618977,15.414941
192,279297801985716,6.499805348,511240100,511242864,279297831553521,279297831343592,6.541512884,29.357876
193,279297838668759,6.536488391,511748532,511751008,279297863481540,279297865237432,6.575406724,26.568673
194,279297871213605,6.569033237,512256964,512259137,279297899472496,279297899131272,6.609300564,27.917667
195,279297913124616,6.610944248,512765396,512767267,279297931560779,279297933025112,6.643194404,19.900496
196,279297938778840,6.636598472,513273828,513275382,279297967564923,279297966918952,6.677088244,28.140112
197,279297984223572,6.682043204,513782260,513785391,279297999512727,279298000812793,6.710982085,16.589221
198,279298009703361,6.707522993,514290692,514293547,279298035543009,279298034706633,6.744875925,25.003272
199,279298064556801,6.762376433,514799125,514801688,279298067435323,279298068600540,6.778769832,4.043739
200,279298083910601,6.781730233,515307557,515309828,279298103449790,279298102494380,6.812663672,18.583779
201,279298119393576,6.817213208,515815989,515817975,279298135598588,279298136388220,6.846557512,16.994644
202,279298142864447,6.840684079,516324421,516326095,279298171488598,279298170282060,6.880451352,27.417613
203,279298177977534,6.875797166,516832853,516836114,279298203486942,279298204175900,6.914345192,26.198366
204,279298219902021,6.917721653,517341285,517344228,279298239418123,279298238069740,6.948239032,18.167719
205,279298253053163,6.950872795,517849717,517852344,279298271477176,279298271963581,6.982132873,18.910418
206,279298281579097,6.979398729,518358149,518360478,279298307539887,279298305857421,7.016026713,24.278324
207,279298317351879,7.015171511,518866582,518868572,279298339520872,279298339751328,7.049920620,22.399449
208,279298368422543,7.066242175,519375014,519376711,279298375422227,279298373645168,7.083814460,5.222625
209,279298407656108,7.105475740,519883446,519886659,279298407495611,279298407539008,7.117708300,-0.117100
210,279298430148856,7.127968488,520391878,520394779,279298439442820,279298441432848,7.151602140,11.283992
211,279298454559718,7.152379350,520900310,520902918,279298475486411,279298475326688,7.185495980,20.766970
212,279298503877299,7.201696931,521408742,521411014,279298507529136,279298509220528,7.219389820,5.343229
213,279298541627507,7.239447139,521917174,521919144,279298543522219,279298543114369,7.253283661,1.486862
214,279298559763400,7.257583032,522425607,522427269,279298575465044,279298577008275,7.287177567,17.244875
215,279298581759186,7.279578818,522934039,522937279,279298611475419,279298610902116,7.321071408,29.142930
216,279298622673380,7.320493012,523442471,523445412,279298643417993,279298644795956,7.354965248,22.122576
217,279298656652304,7.354471936,523950903,523953568,279298679415733,279298678689796,7.388859088,22.037492
218,279298687029919,7.384849551,524459335,524461672,279298711459748,279298712583636,7.422752928,25.553717
219,279298722580801,7.420400433,524967767,524969769,279298747396016,279298746477476,7.456646768,23.896675
220,279298770404463,7.468224095,525476199,525477901,279298779450702,279298780371316,7.490540608,9.966853
221,279298815426304,7.513245936,525984631,525987919,279298815509417,279298814265156,7.524434448,-1.161148
222,279298838274320,7.536093952,526493064,526495964,279298847417390,279298848159063,7.558328355,9.884743
223,279298859824867,7.557644499,527001496,527004097,279298883427869,279298882052903,7.592222195,22.228036
224,279298904874285,7.602693917,527509928,527512240,279298915455088,279298915946744,7.626116036,11.072459
225,279298940738154,7.638557786,528018360,528020362,279298951376128,279298949840584,7.660009876,9.102430
226,279298962226791,7.660046423,528526792,528528484,279298983412762,279298983734424,7.693903716,21.507633
227,279298992286666,7.690106298,529035224,529038482,279299019381965,279299017628264,7.727797556,25.341598
228,279299038520461,7.736340093,529543656,529546616,279299051425182,279299051522104,7.761691396,13.001643
229,279299085398980,7.783218612,530052088,530054740,279299083485653,279299085415944,7.795585236,0.016964
230,279299108965440,7.806785072,530560521,530562884,279299119457789,279299119309851,7.829479143,10.344411
231,279299135534230,7.833353862,531068953,531071035,279299151479277,279299153203691,7.863372983,17.669461
232,279299178778196,7.876597828,531577385,531579154,279299187424725,279299187097532,7.897266824,8.319336
233,279299215524612,7.913344244,532085817,532087272,279299219430697,279299220991372,7.931160664,5.466760
234,279299233605169,7.931424801,532594249,532597284,279299255373908,279299254885212,7.965054504,21.280043
235,279299265163733,7.962983365,533102681,533105408,279299287470336,279299288779052,7.998948344,23.615319
236,279299311080700,8.008900332,533611113,533613526,279299323364949,279299322672892,8.032842184,11.592192
237,279299345912903,8.043732535,534119545,534121660,279299355384349,279299356566732,8.066736024,10.653829
238,279299370209224,8.068028856,534627978,534629777,279299391411816,279299390460639,8.100629931,20.251415
239,279299401608319,8.099427951,535136410,535137902,279299423412256,279299424354479,8.134523771,22.746160
240,279299447897310,8.145716942,535644842,535647906,279299459376945,279299458248320,8.168417612,10.351010
241,279299494381220,8.192200852,536153274,536155982,279299491486531,279299492142160,8.202311452,-2.239060
242,279299524191786,8.222011418,536661706,536664102,279299527467109,279299526036000,8.236205292,1.844214
243,279299583587457,8.281407089,537170138,537172241,279299559405427,279299559929840,8.270099132,-23.657617
244,279299605258774,8.303078406,537678570,537680374,279299595416219,279299593823680,8.303992972,-11.435094
245,279299639760662,8.337580294,538187002,538188517,279299627422376,279299627717520,8.337886812,-12.043142
246,279299665796172,8.363615804,538695435,538698498,279299663348560,279299661611427,8.371780719,-4.184745
247,279299709872999,8.407692631,539203867,539206635,279299695493310,279299695505267,8.405674559,-14.367732
248,279299729177976,8.426997608,539712299,539714768,279299727493851,279299729399107,8.439568399,0.221131
249,279299760358065,8.458177697,540220731,540222915,279299763383022,279299763292948,8.473462240,2.934883
250,279299787291773,8.485111405,540729163,540731052,279299795418927,279299797186788,8.507356080,9.895015
251,279299809126914,8.506946546,541237595,541239185,279299831354347,279299831080628,8.541249920,21.953714
252,279299843886578,8.541706210,541746027,541749199,279299863378802,279299864974468,8.575143760,21.087890
253,279299883774570,8.581594202,542254460,542257314,279299899510931,279299898868375,8.609037667,15.093805
254,279299905715550,8.603535182,542762892,542765430,279299931475357,279299932762215,8.642931507,27.046665
255,279299942858253,8.640677885,543271324,543273536,279299967379960,279299966656055,8.676825347,23.797802
256,279299996845720,8.694665352,543779756,543781644,279299999509004,279300000549895,8.710719187,3.704175
257,279300033565293,8.731384925,544288188,544289736,279300035336811,279300034443736,8.744613028,0.878443
258,279300057117550,8.754937182,544796620,544799730,279300067377971,279300068337576,8.778506868,11.220026
259,279300084765013,8.782584645,545305052,545307865,279300103316385,279300102231416,8.812400708,17.466403
260,279300130342710,8.828162342,545813485,545815991,279300135459923,279300136125323,8.846294615,5.782613
261,279300177866234,8.875685866,546321917,546324105,279300171434382,279300170019163,8.880188455,-7.847071
262,279300224435380,8.922255012,546830349,546832208,279300203335287,279300203913003,8.914082295,-20.522377
263,279300271735873,8.969555505,547338781,547340322,279300239334300,279300237806843,8.947976135,-33.929030
264,279300293250512,8.991070144,547847213,547850318,279300271331468,279300271700683,8.981869975,-21.549829
265,279300310989019,9.008808651,548355645,548358444,279300307389804,279300305594524,9.015763816,-5.394495
266,279300327715285,9.025534917,548864077,548866616,279300339333529,279300339488364,9.049657656,11.773079
267,279300357975349,9.055794981,549372509,549374752,279300371425942,279300373382204,9.083551496,15.406855
268,279300397514674,9.095334306,549880942,549882858,279300407377619,279300407276111,9.117445403,9.761437
269,279300418446039,9.116265671,550389374,550390961,279300439428754,279300441169951,9.151339243,22.723912
270,279300445769740,9.143589372,550897806,550900968,279300475358925,279300475063791,9.185233083,29.294051
271,279300496936267,9.194755899,551406238,551409074,279300507336577,279300508957631,9.219126923,12.021364
272,279300543249180,9.241068812,551914670,551917199,279300543406248,279300542851471,9.253020763,-0.397709
273,279300568167518,9.265987150,552423102,552425296,279300575358031,279300576745311,9.286914603,8.577793
274,279300592488157,9.290307789,552931534,552933445,279300611309463,279300610639152,9.320808444,18.150995
275,279300637760935,9.335580567,553439967,553441556,279300643310398,279300644533058,9.354702350,6.772123
276,279300687828697,9.385648329,553948399,553951556,279300679444756,279300678426899,9.388596191,-9.401798
277,279300711680363,9.409499995,554456831,554459697,279300711431916,279300712320739,9.422490031,0.640376
278,279300741620129,9.439439761,554965263,554967791,279300747349295,279300746214579,9.456383871,4.594450
279,279300768731464,9.466551096,555473695,555475870,279300779351866,279300780108419,9.490277711,11.376955
280,279300812219872,9.510039504,555982127,555983979,279300815423227,279300814002259,9.524171551,1.782387
281,279300831373909,9.529193541,556490559,556492113,279300847307163,279300847896099,9.558065391,16.522190
282,279300871562094,9.569381726,556998991,557002096,279300883313155,279300881789940,9.591959232,10.227846
283,279300898935699,9.596755331,557507424,557510231,279300915420874,279300915683846,9.625853138,16.748147
284,279300939335317,9.637154949,558015856,558018407,279300951382171,279300949577687,9.659746979,10.242370
285,279300959210906,9.657030538,558524288,558526505,279300983305125,279300983471527,9.693640819,24.260621
286,279301004167921,9.701987553,559032720,559034623,279301015343990,279301017365367,9.727534659,13.197446
287,279301029638100,9.727457732,559541152,559542759,279301051302682,279301051259207,9.761428499,21.621107
288,279301086533822,9.784353454,560049584,560052744,279301083316393,279301085153047,9.795322339,-1.380775
289,279301113977706,9.811797338,560558016,560560856,279301119363445,279301119046887,9.829216179,5.069181
290,279301151409923,9.849229555,561066448,561068966,279301151377193,279301152940728,9.863110020,1.530805
291,279301178857094,9.876676726,561574881,561577102,279301187315697,279301186834634,9.897003926,7.977540
292,279301216902538,9.914722170,562083313,562085257,279301219370657,279301220728474,9.930897766,3.825936
293,279301238290808,9.936110440,562591745,562593367,279301255280934,279301254622315,9.964791607,16.331507
294,279301275789691,9.973609323,563100177,563103347,279301287305696,279301288516155,9.998685447,12.726464
295,279301302515999,10.000335631,563608609,563611444,279301323273983,279301322409995,10.032579287,19.893996
296,279301345207713,10.043027345,564117041,564119569,279301355328933,279301356303835,10.066473127,11.096122
297,279301364090932,10.061910564,564625473,564627672,279301391291478,279301390197675,10.100366967,26.106743
298,279301404201176,10.102020808,565133905,565135824,279301423378932,279301424091515,10.134260807,19.890339
299,279301432560869,10.130380501,565642338,565643954,279301459312949,279301457985422,10.168154714,25.424553
300,279301479794401,10.177614033,566150770,566153951,279301491319261,279301491879262,10.202048554,12.084861
301,279301507788538,10.205608170,566659202,566662070,279301527266902,279301525773103,10.235942395,17.984565
302,279301545883062,10.243702694,567167634,567170194,279301559313496,279301559666943,10.269836235,13.783881
303,279301572639335,10.270458967,567676066,567678309,279301595316460,279301593560783,10.303730075,20.921448
304,279301612736722,10.310556354,568184498,568186407,279301627394851,279301627454623,10.337623915,14.717901
305,279301635391432,10.333211064,568692930,568694516,279301659310789,279301661348463,10.371517755,25.957031
306,279301675703326,10.373522958,569201362,569204510,279301695262404,279301695242303,10.405411595,19.538977
307,279301704042652,10.401862284,569709795,569712640,279301727295331,279301729136210,10.439305502,25.093558
308,279301742464613,10.440284245,570218227,570220784,279301763253595,279301763030050,10.473199342,20.565437
309,279301771577517,10.469397149,570726659,570728915,279301795271910,279301796923891,10.507093183,25.346374
310,279301805541579,10.503361211,571235091,571237051,279301831304365,279301830817731,10.540987023,25.276152
311,279301840268980,10.538088612,571743523,571745147,279301863294259,279301864711571,10.574880863,24.442591
312,279301884151446,10.581971078,572251955,572255158,279301899372386,279301898605411,10.608774703,14.453965
313,279301905484072,10.603303704,572760387,572763277,279301931261754,279301932499251,10.642668543,27.015179
314,279301941465737,10.639285369,573268820,573271388,279301967320648,279301966393158,10.676562450,24.927421
315,279301975743881,10.673563513,573777252,573779514,279301999255028,279302000286998,10.710456290,24.543117
316,279302018653075,10.716472707,574285684,574287643,279302035267820,279302034180838,10.744350130,15.527763
317,279302044890293,10.742709925,574794116,574795760,279302067267393,279302068074678,10.778243970,23.184385
318,279302098204782,10.796024414,575302548,575305751,279302103287877,279302101968519,10.812137811,3.763737
319,279302139887892,10.837707524,575810980,575813870,279302135313882,279302135862359,10.846031651,-4.025533
320,279302157330587,10.855150219,576319412,576321974,279302171314443,279302169756199,10.879925491,12.425612
321,279302183006184,10.880825816,576827845,576830112,279302203245854,279302203650106,10.913819398,20.643922
322,279302227399026,10.925218658,577336277,577338233,279302239253383,279302237543946,10.947713238,10.144920
323,279302282172418,10.979992050,577844709,577846346,279302271288744,279302271437786,10.981607078,-10.734632
324,279302305048292,11.002867924,578353141,578356352,279302307271258,279302305331626,11.015500918,0.283334
325,279302329246470,11.027066102,578861573,578864513,279302339229912,279302339225466,11.049394758,9.978996
326,279302357676194,11.055495826,579370005,579372644,279302371289192,279302373119307,11.083288599,15.443113
327,279302407316984,11.105136616,579878437,579880767,279302407332368,279302407013147,11.117182439,-0.303837
328,279302424492872,11.122312504,580386869,580388876,279302439344443,279302440906987,11.151076279,16.414115
329,279302445472221,11.143291853,580895302,580896989,279302475220748,279302474800894,11.184970186,29.328673
330,279302481887841,11.179707473,581403734,581406995,279302507235131,279302508694734,11.218864026,26.806893
331,279302515035028,11.212854660,581912166,581915124,279302543208345,279302542588574,11.252757866,27.553546
332,279302553619971,11.251439603,582420598,582423224,279302575227005,279302576482414,11.286651706,22.862443
333,279302584831592,11.282651224,582929030,582931376,279302611222065,279302610376254,11.320545546,25.544662
334,279302626063860,11.323883492,583437462,583439531,279302643282904,279302644270095,11.354439387,18.206235
335,279302649499662,11.347319294,583945894,583947663,279302679273854,279302678163935,11.388333227,28.664273
336,279302687455644,11.385275276,584454327,584457637,279302711272015,279302712057842,11.422227134,24.602198
337,279302718803170,11.416622802,584962759,584965738,279302747242177,279302745951682,11.456120974,27.148512
338,279302755410728,11.453230360,585471191,585473863,279302779265530,279302779845522,11.490014814,24.434794
339,279302788914333,11.486733965,585979623,585981993,279302815194920,279302813739362,11.523908654,24.825029
340,279302836831089,11.534650721,586488055,586490105,279302847280376,279302847633202,11.557802494,10.802113
341,279302858257121,11.556076753,586996487,586998245,279302883176792,279302881527042,11.591696334,23.269921
342,279302897511613,11.595331245,587504919,587508230,279302915271753,279302915420882,11.625590174,17.909269
343,279302923895718,11.621715350,588013351,588016368,279302951183862,279302949314723,11.659484015,25.419005
344,279302963754641,11.661574273,588521784,588524503,279302983209977,279302983208629,11.693377921,19.453988
345,279302991786436,11.689606068,589030216,589032596,279303015227735,279303017102470,11.727271762,25.316034
346,279303034683057,11.732502689,589538648,589540770,279303051212295,279303050996310,11.761165602,16.313253
347,279303064522682,11.762342314,590047080,590048897,279303083278474,279303084890150,11.795059442,20.367468
348,279303112622770,11.810442402,590555512,590557016,279303119185798,279303118783990,11.828953282,6.161220
349,279303134379897,11.832199529,591063944,591066981,279303151197293,279303152677830,11.862847122,18.297933
350,279303173886118,11.871705750,591572376,591575087,279303187182886,279303186571670,11.896740962,12.685552
351,279303199825819,11.897645451,592080808,592083212,279303219253266,279303220465511,11.930634803,20.639692
352,279303238639069,11.936458701,592589241,592591344,279303255207113,279303254359417,11.964528709,15.720348
353,279303261769253,11.959588885,593097673,593099467,279303287193493,279303288253258,11.998422550,26.484005
354,279303309315074,12.007134706,593606105,593607587,279303323199108,279303322147098,12.032316390,12.832024
355,279303337029045,12.034848677,594114537,594117585,279303355262113,279303356040938,12.066210230,19.011893
356,279303378957712,12.076777344,594622969,594625703,279303391199446,279303389934778,12.100104070,10.977066
357,279303406180236,12.103999868,595131401,595133823,279303423190971,279303423828618,12.133997910,17.648382
358,279303445399175,12.143218807,595639833,595641939,279303459173739,279303457722458,12.167891750,12.323283
359,279303471364295,12.169183927,596148265,596150082,279303491294669,279303491616299,12.201785591,20.252004
360,279303511994771,12.209814403,596656698,596658215,279303527222131,279303525510205,12.235679497,13.515434
361,279303533487000,12.231306632,597165130,597168224,279303559175383,279303559404046,12.269573338,25.917046
362,279303565973377,12.263793009,597673562,597676367,279303595153799,279303593297886,12.303467178,27.324509
363,279303598991346,12.296810978,598181994,598184489,279303627244039,279303627191726,12.337361018,28.200380
364,279303640534507,12.338354139,598690426,598692609,279303659204058,279303661085566,12.371254858,20.551059
365,279303667230951,12.365050583,599198858,599200728,279303695162344,279303694979406,12.405148698,27.748455
366,279303706095237,12.403914869,599707290,599708879,279303727199107,279303728873246,12.439042538,22.778009
367,279303734842856,12.432662488,600215722,600218873,279303763182054,279303762767086,12.472936378,27.924230
368,279303772336088,12.470155720,600724155,600727031,279303795228240,279303796660993,12.506830285,24.324905
369,279303802520628,12.500340260,601232587,601235169,279303831246684,279303830554833,12.540724125,28.034205
370,279303838059318,12.535878950,601741019,601743314,279303863239757,279303864448674,12.574617966,26.389356
371,279303872377274,12.570196906,602249451,602251434,279303899252320,279303898342514,12.608511806,25.965240
372,279303917199021,12.615018653,602757883,602759565,279303931275168,279303932236354,12.642405646,15.037333
373,279303940027635,12.637847267,603266315,603269575,279303967225002,279303966130194,12.676299486,26.102559
374,279303974203870,12.672023502,603774747,603777688,279303999218186,279304000024034,12.710193326,25.820164
375,279304007752626,12.705572258,604283180,604285801,279304035139222,279304033917941,12.744087233,26.165315
376,279304046356738,12.744176370,604791612,604793924,279304067153913,279304067811781,12.777981073,21.455043
377,279304076730083,12.774549715,605300044,605302039,279304103127808,279304101705621,12.811874913,24.975538
378,279304125795078,12.823614710,605808476,605810177,279304135154858,279304135599462,12.845768754,9.804384
379,279304163552931,12.861372563,606316908,606320138,279304171141350,279304169493302,12.879662594,5.940371
380,279304186718753,12.884538385,606825340,606828269,279304203145690,279304203387142,12.913556434,16.668389
381,279304209854154,12.907673786,607333772,607336442,279304239110750,279304237280982,12.947450274,27.426828
382,279304243916406,12.941736038,607842205,607844564,279304271165547,279304271174889,12.981344181,27.258483
383,279304294021445,12.991841077,608350637,608352658,279304303179231,279304305068729,13.015238021,11.047284
384,279304313727712,13.011547344,608859069,608860808,279304339216268,279304338962569,13.049131861,25.234857
385,279304348016835,13.045836467,609367501,609370786,279304371167353,279304372856409,13.083025701,24.839574
386,279304396637468,13.094457100,609875933,609878908,279304407135108,279304406750250,13.116919542,10.112782
387,279304435590793,13.133410425,610384365,610387031,279304439217478,279304440644090,13.150813382,5.053297
388,279304458219081,13.156038713,610892797,610895167,279304475203528,279304474537930,13.184707222,16.318849
389,279304485343613,13.183163245,611401229,611403316,279304507130845,279304508431770,13.218601062,23.088157
390,279304528295798,13.226115430,611909662,611911449,279304543192049,279304542325677,13.252494969,14.029879
391,279304564902564,13.262722196,612418094,612419552,279304575159953,279304576219517,13.286388809,11.316953
392,279304589132157,13.286951789,612926526,612929540,279304611280062,279304610113357,13.320282649,20.981200
393,279304618050140,13.315869772,613434958,613437684,279304643159905,279304644007197,13.354176489,25.957057
394,279304657616486,13.355436118,613943390,613945811,279304679131781,279304677901037,13.388070329,20.284551
395,279304696010475,13.393830107,614451822,614453948,279304711276453,279304711794878,13.421964170,15.784403
396,279304718954086,13.416773718,614960254,614962078,279304747231631,279304745688718,13.455858010,26.734632
397,279304762468948,13.460288580,615468687,615470218,279304779119937,279304779582625,13.489751917,17.113677
398,279304826915536,13.524735168,615977119,615980217,279304815089650,279304813476465,13.523645757,-13.439071
399,279304844908868,13.542728500,616485551,616488316,279304847131487,279304847370305,13.557539597,2.461437
400,279304868061745,13.565881377,616993983,616996474,279304883098299,279304881264145,13.591433437,13.202400
401,279304889816390,13.587636022,617502415,617504582,279304915152627,279304915157985,13.625327277,25.341595
402,279304924886800,13.622706432,618010847,618012710,279304947193643,279304949051825,13.659221117,24.165025
403,279304966277262,13.664096894,618519279,618520851,279304983093132,279304982945666,13.693114958,16.668404
404,279304990776274,13.688595906,619027711,619030828,279305015164836,279305016839506,13.727008798,26.063232
405,279305023792994,13.721612626,619536144,619538929,279305051101980,279305050733413,13.760902705,26.940419
406,279305092619706,13.790439338,620044576,620047071,279305083168957,279305084627253,13.794796545,-7.992453
407,279305117069352,13.814888984,620553008,620555188,279305119099525,279305118521093,13.828690385,1.451741
408,279305138023621,13.835843253,621061440,621063323,279305151125031,279305152414933,13.862584225,14.391312
409,279305158178214,13.855997846,621569872,621571445,279305187093422,279305186308773,13.896478065,28.130559
410,279305212746299,13.910565931,622078304,622081448,279305219096926,279305220202613,13.930371905,7.456314
411,279305235863902,13.933683534,622586736,622589582,279305255117579,279305254096454,13.964265746,18.232552
412,279305265098936,13.962918568,623095168,623097682,279305287205075,279305287990294,13.998159586,22.891358
413,279305298240783,13.996060415,623603601,623605794,279305323091177,279305321884200,14.032053492,23.643417
414,279305351686108,14.049505740,624112033,624113928,279305355102000,279305355778041,14.065947333,4.091933
415,279305375746865,14.073566497,624620465,624622045,279305391079024,279305389671881,14.099841173,13.925016
416,279305398296077,14.096115709,625128897,625132046,279305423155439,279305423565721,14.133735013,25.269644
417,279305430825562,14.128645194,625637329,625640159,279305459095213,279305457459561,14.167628853,26.633999
418,279305487946850,14.185766482,626145761,626148277,279305491090331,279305491353401,14.201522693,3.406551
419,279305514062434,14.211882066,626654193,626656403,279305527145448,279305525247241,14.235416533,11.184807
420,279305534118659,14.231938291,627162625,627164522,279305559114702,279305559141082,14.269310374,25.022423
421,279305568879010,14.266698642,627671058,627672660,279305591084957,279305593034988,14.303204280,24.155978
422,279305624175997,14.321995629,628179490,628182660,279305627196871,279305626928829,14.337098121,2.752832
423,279305647222471,14.345042103,628687922,628690760,279305659149479,279305660822669,14.370991961,13.600198
424,279305669805740,14.367625372,629196354,629198834,279305695195146,279305694716509,14.404885801,24.910769
425,279305707361829,14.405181461,629704786,629706986,279305727070923,279305728610349,14.438779641,21.248520
426,279305764632922,14.462452554,630213218,630215089,279305763197954,279305762504189,14.472673481,-2.128733
427,279305795341231,14.493160863,630721650,630723263,279305795151479,279305796398029,14.506567321,1.056798
428,279305819539675,14.517359307,631230082,631233287,279305831130202,279305830291870,14.540461162,10.752195
429,279305841358607,14.539178239,631738515,631741390,279305863067983,279305864185776,14.574355068,22.827169
430,279305896569410,14.594389042,632246947,632249543,279305899084550,279305898079617,14.608248909,1.510207
431,279305916078020,14.613897652,632755379,632757670,279305931156316,279305931973457,14.642142749,15.895437
432,279305937666561,14.635486193,633263811,633265783,279305967133832,279305965867297,14.676036589,28.200736
433,279305977640853,14.675460485,633772243,633773897,279305999076111,279305999761137,14.709930429,22.120284
434,279306053087425,14.750907057,634280675,634283891,279306035040444,279306033654977,14.743824269,-19.432448
435,279306085646092,14.783465724,634789107,634792022,279306067080484,279306067548817,14.777718109,-18.097275
436,279306109143417,14.806963049,635297540,635300170,279306103153343,279306101442724,14.811612016,-7.700693
437,279306137578768,14.835398400,635805972,635808303,279306135054863,279306135336564,14.845505856,-2.242204
438,279306209949292,14.907768924,636314404,636316435,279306171033127,279306169230404,14.879399696,-40.718888
439,279306229814237,14.927633869,636822836,636824562,279306203069926,279306203124245,14.913293537,-26.689992
440,279306265792064,14.963611696,637331268,637334570,279306235066859,279306237018085,14.947187377,-28.773979
441,279306297860638,14.995680270,637839700,637842685,279306271082140,279306270911925,14.981081217,-26.948713
442,279306339549712,15.037369344,638348132,638350793,279306303218330,279306304805765,15.014975057,-34.743947
443,279306364273571,15.062093203,638856565,638858947,279306339037528,279306338699672,15.048868964,-25.573899
444,279306388404485,15.086224117,639364997,639367058,279306371060052,279306372593512,15.082762804,-15.810973
445,279306423610998,15.121430630,639873429,639875178,279306407034522,279306406487352,15.116656644,-17.123646
446,279306461376109,15.159195741,640381861,640385170,279306439073367,279306440381192,15.150550484,-20.994917
447,279306482806620,15.180626252,640890293,640893293,279306475061026,279306474275033,15.184444325,-8.531587
448,279306503795549,15.201615181,641398725,641401437,279306507105592,279306508168873,15.218338165,4.373324
449,279306536073233,15.233892865,641907157,641909548,279306543043275,279306542062713,15.252232005,5.989480
450,279306555766344,15.253585976,642415589,642417715,279306575075441,279306575956553,15.286125845,20.190209
451,279306598591799,15.296411431,642924022,642925820,279306611081394,279306609850460,15.320019752,11.258661
452,279306620763856,15.318583488,643432454,643433939,279306643072205,279306643744300,15.353913592,22.980444
453,279306650400490,15.348220122,643940886,643943954,279306679048783,279306677638140,15.387807432,27.237650
454,279306687743145,15.385562777,644449318,644452044,279306711069555,279306711531980,15.421701272,23.788835
455,279306729914423,15.427734055,644957750,644960199,279306747117331,279306745425821,15.455595113,15.511398
456,279306754118184,15.451937816,645466182,645468315,279306779038129,279306779319661,15.489488953,25.201477
457,279306791598744,15.489418376,645974614,645976425,279306815122466,279306813213501,15.523382793,21.614757
458,279306818637972,15.516457604,646483047,646484533,279306847059543,279306847107408,15.557276700,28.469436
459,279306853821238,15.551640870,646991479,646994581,279306879095921,279306881001248,15.591170540,27.180010
460,279306887256860,15.585076492,647499911,647502732,279306915085616,279306914895088,15.625064380,27.638228
461,279306923501325,15.621320957,648008343,648010882,279306947033506,279306948788928,15.658958220,25.287603
462,279306957604848,15.655424480,648516775,648519003,279306983080952,279306982682768,15.692852060,25.077920
463,279307000843137,15.698662769,649025207,649027183,279307015014155,279307016576608,15.726745900,15.733471
464,279307021430884,15.719250516,649533639,649535265,279307051166111,279307050470449,15.760639741,29.039565
465,279307058716752,15.756536384,650042071,650045228,279307083076758,279307084364289,15.794533581,25.647537
466,279307094374662,15.792194294,650550504,650553359,279307119111859,279307118258196,15.828427488,23.883534
467,279307132400313,15.830219945,651058936,651061473,279307151066562,279307152152036,15.862321328,19.751723
468,279307159762441,15.857582073,651567368,651569613,279307187014631,279307186045876,15.896215168,26.283435
469,279307209496483,15.907316115,652075800,652077705,279307219056772,279307219939716,15.930109008,10.443233
470,279307232315224,15.930134856,652584232,652585795,279307254991330,279307253833556,15.964002848,21.518332
471,279307268142752,15.965962384,653092664,653095779,279307287153662,279307287727396,15.997896688,19.584644
472,279307293275614,15.991095246,653601096,653603883,279307323052273,279307321621237,16.031790529,28.345623
473,279307329548109,16.027367741,654109528,654111979,279307355146388,279307355515077,16.065684369,25.966968
474,279307365529458,16.063349090,654617961,654620081,279307390984551,279307389408984,16.099578276,23.879526
475,279307406707699,16.104527331,655126393,655128206,279307423006341,279307423302824,16.133472116,16.595125
476,279307431276632,16.129096264,655634825,655636334,279307458974606,279307457196664,16.167365956,25.920032
477,279307462315726,16.160135358,656143257,656146334,279307491053705,279307491090504,16.201259796,28.774778
478,279307500489988,16.198309620,656651689,656654438,279307523030802,279307524984344,16.235153636,24.494356
479,279307539211995,16.237031627,657160121,657162542,279307558981208,279307558878184,16.269047476,19.666189
480,279307565380819,16.263200451,657668553,657670668,279307591023899,279307592772025,16.302941317,27.391206
481,279307606318571,16.304138203,658176985,658178808,279307627126560,279307626665865,16.336835157,20.347294
482,279307635040415,16.332860047,658685418,658686912,279307658995095,279307660559772,16.370729064,25.519357
483,279307682693220,16.380512852,659193850,659196923,279307694983644,279307694453612,16.404622904,11.760392
484,279307705433481,16.403253113,659702282,659705056,279307726999020,279307728347452,16.438516744,22.913971
485,279307745033794,16.442853426,660210714,660213138,279307762966673,279307762241292,16.472410584,17.207498
486,279307774309022,16.472128654,660719146,660721288,279307795115794,279307796135132,16.506304424,21.826110
487,279307815249328,16.513068960,661227578,661229403,279307831104908,279307830028972,16.540198264,14.779644
488,279307838010479,16.535830111,661736010,661737530,279307862986766,279307863922812,16.574092104,25.912333
489,279307881721535,16.579541167,662244442,662247527,279307899074793,279307897816653,16.607985945,16.095118
490,279307908688997,16.606508629,662752875,662755629,279307931133575,279307931710560,16.641879852,23.021563
491,279307944790990,16.642610622,663261307,663263750,279307967064746,279307965604400,16.675773692,20.813410
492,279307974886460,16.672706092,663769739,663771853,279307999004370,279307999498240,16.709667532,24.611780
493,279308006712584,16.704532216,664278171,664280011,279308034987493,279308033392080,16.743561372,26.679496
494,279308044217455,16.742037087,664786603,664788160,279308066959529,279308067285920,16.777455212,23.068465
495,279308085896766,16.783716398,665295035,665298119,279308103089043,279308101179760,16.811349052,15.282994
496,279308109191947,16.807011579,665803467,665806195,279308135106816,279308135073600,16.845242892,25.881653
497,279308144127373,16.841947005,666311900,666314294,279308167034468,279308168967507,16.879136799,24.840134
498,279308176923991,16.874743623,666820332,666822396,279308203048197,279308202861347,16.913030639,25.937356
499,279308224994511,16.922814143,667328764,667330534,279308235039830,279308236755188,16.946924480,11.760677
500,279308246681446,16.944501078,667837196,667838662,279308270955631,279308270649028,16.980818320,23.967582
501,279308285515798,16.983335430,668345628,668348688,279308303030667,279308304542868,17.014712160,19.027070
502,279308312641722,17.010461354,668854060,668856837,279308338973739,279308338436708,17.048606000,25.794986
503,279308350336900,17.048156532,669362492,669364985,279308371065888,279308372330548,17.082499840,21.993648
504,279308377099043,17.074918675,669870925,669873076,279308407055959,279308406224455,17.116393747,29.125412
505,279308413458745,17.111278377,670379357,670381172,279308439143754,279308440118295,17.150287587,26.659550
506,279308451573923,17.149393555,670887789,670889293,279308474944827,279308474012135,17.184181427,22.438212
507,279308502429661,17.200249293,671396221,671399300,279308506952057,279308507905976,17.218075268,5.476315
508,279308525168068,17.222987700,671904653,671907423,279308542926510,279308541799816,17.251969108,16.631748
509,279308565735545,17.263555177,672413085,672415572,279308575021225,279308575693656,17.285862948,9.958111
510,279308592245434,17.290065066,672921517,672923695,279308610940298,279308609587496,17.319756788,17.342062
511,279308628384560,17.326204192,673429949,673431794,279308643060386,279308643481336,17.353650628,15.096776
512,279308649415345,17.347234977,673938382,673939889,279308678931448,279308677375243,17.387544535,27.959898
513,279308699142337,17.396961969,674446814,674449896,279308710962129,279308711269083,17.421438375,12.126746
514,279308725951027,17.423770659,674955246,674958045,279308746976456,279308745162923,17.455332215,19.211896
515,279308768271629,17.466091261,675463678,675466141,279308778971146,279308779056764,17.489226056,10.785135
516,279308795493304,17.493312936,675972110,675974269,279308810953219,279308812950604,17.523119896,17.457300
517,279308835571908,17.533391540,676480542,676482392,279308846938304,279308846844444,17.557013736,11.272536
518,279308861574457,17.559394089,676988974,676990544,279308879029288,279308880738284,17.590907576,19.163827
519,279308907286493,17.605106125,677497407,677500521,279308914952714,279308914632191,17.624801483,7.345698
520,279308927621167,17.625440799,678005839,678008628,279308946924872,279308948526031,17.658695323,20.904864
521,279308955813690,17.653633322,678514271,678516744,279308983060143,279308982419871,17.692589163,26.606181
522,279308990659274,17.688478906,679022703,679024886,279309015031642,279309016313711,17.726483003,25.654437
523,279309029287847,17.727107479,679531135,679532996,279309051022892,279309050207551,17.760376843,20.919704
524,279309060351404,17.758171036,680039567,680041141,279309082922073,279309084101392,17.794270684,23.749988
525,279309102248590,17.800068222,680547999,680551126,279309118907306,279309117995232,17.828164524,15.746642
526,279309126538949,17.824358581,681056431,681059233,279309150916957,279309151889072,17.862058364,25.350123
527,279309168438341,17.866257973,681564864,681567348,279309186999978,279309185782979,17.895952271,17.344638
528,279309193416841,17.891236473,682073296,682075467,279309218915223,279309219676819,17.929846111,26.259978
529,279309238227869,17.936047501,682581728,682583602,279309254930617,279309253570659,17.963739951,15.342790
530,279309265624239,17.963443871,683090160,683091746,279309286963151,279309287464499,17.997633791,21.840260
531,279309307953436,18.005773068,683598592,683601739,279309322962983,279309321358339,18.031527631,13.404903
532,279309332669579,18.030489211,684107024,684109836,279309354928486,279309355252180,18.065421472,22.582601
533,279309372130106,18.069949738,684615456,684617961,279309390922562,279309389146020,18.099315312,17.015914
534,279309402587601,18.100407233,685123888,685126124,279309423052346,279309423039860,18.133209152,20.452259
535,279309438311102,18.136130734,685632321,685634234,279309454936032,279309456933767,18.167103059,18.622665
536,279309461841513,18.159661145,686140753,686142364,279309490916189,279309490827607,18.200996899,28.986094
537,279309500199764,18.198019396,686649185,686652383,279309523076304,279309524721447,18.234890739,24.521683
538,279309534192959,18.232012591,687157617,687160478,279309558900473,279309558615287,18.268784579,24.422328
539,279309581150067,18.278969699,687666049,687668589,279309590917085,279309592509127,18.302678419,11.359060
540,279309603675826,18.301495458,688174481,688176712,279309626881537,279309626402968,18.336572260,22.727142
541,279309645175202,18.342994834,688682913,688684836,279309658895858,279309660296808,18.370466100,15.121606
542,279309672436321,18.370255953,689191345,689192969,279309695011310,279309694190648,18.404359940,21.754327
543,279309713871471,18.411691103,689699778,689702965,279309727007263,279309728084555,18.438253847,14.213084
544,279309733658430,18.431478062,690208210,690211094,279309762872801,279309761978395,18.472147687,28.319965
545,279309772549289,18.470368921,690716642,690719220,279309794979277,279309795872235,18.506041527,23.322946
546,279309803247720,18.501067352,691225074,691227345,279309830875578,279309829766075,18.539935367,26.518355
547,279309844350621,18.542170253,691733506,691735464,279309862940664,279309863659915,18.573829207,19.309294
548,279309870680987,18.568500619,692241938,692243572,279309898870299,279309897553755,18.607723047,26.872768
549,279309909992210,18.607811842,692750370,692753545,279309930984758,279309931447596,18.641616888,21.455386
550,279309938799341,18.636618973,693258802,693261687,279309966888470,279309965341436,18.675510728,26.542095
551,279309976303325,18.674122957,693767235,693769846,279309999081091,279309999235343,18.709404635,22.932018
552,279310005434281,18.703253913,694275667,694277932,279310034923649,279310033129183,18.743298475,27.694902
553,279310041815891,18.739635523,694784099,694786025,279310066945515,279310067023023,18.777192315,25.207132
554,279310076209383,18.774029015,695292531,695294136,279310098971531,279310100916863,18.811086155,24.707480
555,279310116829280,18.814648912,695800963,695804130,279310134894057,279310134810703,18.844979995,17.981423
556,279310145585047,18.843404679,696309395,696312281,279310166941416,279310168704543,18.878873835,23.119496
557,279310195814724,18.893634356,696817827,696820361,279310202968251,279310202598384,18.912767676,6.783660
558,279310245619379,18.943439011,697326260,697328493,279310234892272,279310236492290,18.946661582,-9.127089
559,279310265908155,18.963727787,697834692,697836647,279310270885515,279310270386131,18.980555423,4.477976
560,279310295539039,18.993358671,698343124,698344746,279310302867795,279310304279971,19.014449263,8.740932
561,279310334867739,19.032687371,698851556,698854719,279310338875653,279310338173811,19.048343103,3.306072
562,279310388143582,19.085963214,699359988,699362814,279310370886046,279310372067651,19.082236943,-16.075931
563,279310404490668,19.102310300,699868420,699870948,279310406844459,279310405961491,19.116130783,1.470823
564,279310423157326,19.120976958,700376852,700379071,279310438876674,279310439855331,19.150024623,16.698005
565,279310457102691,19.154922323,700885285,700887212,279310474844934,279310473749238,19.183918530,16.646547
566,279310491398104,19.189217736,701393717,701395322,279310506894244,279310507643078,19.217812370,16.244974
567,279310533862418,19.231682050,701902149,701905315,279310542881145,279310541536918,19.251706210,7.674500
568,279310557627991,19.255447623,702410581,702413476,279310574873772,279310575430759,19.285600051,17.802768
569,279310604220671,19.302040303,702919013,702921598,279310610942602,279310609324599,19.319493891,5.103928
570,279310626964787,19.324784419,703427445,703429717,279310642958093,279310643218439,19.353387731,16.253652
571,279310664560856,19.362380488,703935877,703937828,279310678872137,279310677112279,19.387281571,12.551423
572,279310688337665,19.386157297,704444309,704445952,279310710849767,279310711006119,19.421175411,22.668454
573,279310723288600,19.421108232,704952742,704955922,279310746819127,279310744900026,19.455069318,21.611426
574,279310751240424,19.449060056,705461174,705464087,279310778879790,279310778793866,19.488963158,27.553442
575,279310798884182,19.496703814,705969606,705972181,279310810865249,279310812687706,19.522856998,13.803524
576,279310821286008,19.519105640,706478038,706480330,279310846879211,279310846581547,19.556750839,25.295539
577,279310855082785,19.552902417,706986470,706988451,279310878953545,279310880475387,19.590644679,25.392602
578,279310887165372,19.584985004,707494902,707496564,279310914828587,279310914369227,19.624538519,27.203855
579,279310927622553,19.625442185,708003334,708006593,279310946995723,279310948263067,19.658432359,20.640514
580,279310953615402,19.651435034,708511767,708514701,279310982833766,279310982156974,19.692326266,28.541572
581,279310999362149,19.697181781,709020199,709022838,279311014855858,279311016050814,19.726220106,16.688665
582,279311026071108,19.723890740,709528631,709530978,279311050815103,279311049944654,19.760113946,23.873546
583,279311063545018,19.761364650,710037063,710039091,279311082850686,279311083838494,19.794007786,20.293476
584,279311090285772,19.788105404,710545495,710547209,279311118862783,279311117732335,19.827901627,27.446563
585,279311127654262,19.825473894,711053927,711055380,279311150853080,279311151626175,19.861795467,23.971913
586,279311164420547,19.862240179,711562359,711565381,279311186895230,279311185520015,19.895689307,21.099468
587,279311210175759,19.907995391,712070791,712073491,279311218852902,279311219413855,19.929583147,9.238096
588,279311234486820,19.932306452,712579224,712581610,279311254866117,279311253307762,19.963477054,18.820942
589,279311291191017,19.989010649,713087656,713089708,279311286945039,279311287201602,19.997370894,-3.989415
590,279311334252765,20.032072397,713596088,713597869,279311322802476,279311321095442,20.031264734,-13.157323
591,279311353412071,20.051231703,714104520,714105984,279311354811790,279311354989282,20.065158574,1.577211
592,279311378845895,20.076665527,714612952,714615986,279311390787844,279311388883122,20.099052414,10.037227
593,279311419023354,20.116842986,715121384,715124124,279311422803807,279311422776963,20.132946255,3.753609
594,279311463632011,20.161451643,715629816,715632265,279311454816244,279311456670803,20.166840095,-6.961208
595,279311487427785,20.185247417,716138248,716140399,279311490913704,279311490564643,20.200733935,3.136858
596,279311508336698,20.206156330,716646681,716648517,279311522813834,279311524458550,20.234627842,16.121852
597,279311552631582,20.250451214,717155113,717156638,279311558914628,279311558352390,20.268521682,5.720808
598,279311614290419,20.312110051,717663545,717666620,279311590812840,279311592246230,20.302415522,-22.044189
599,279311638871733,20.336691365,718171977,718174753,279311626799575,279311626140070,20.336309362,-12.731663
600,279311663129510,20.360949142,718680409,718682830,279311658812642,279311660033910,20.370203202,-3.095600
601,279311692079751,20.389899383,719188841,719190956,279311694805888,279311693927751,20.404097043,1.848000
602,279311746067250,20.443886882,719697273,719699100,279311726839681,279311727821591,20.437990883,-18.245659
603,279311766619829,20.464439461,720205705,720207220,279311762825604,279311761715431,20.471884723,-4.904398
604,279311790122772,20.487942404,720714138,720717222,279311794902139,279311795609338,20.505778630,5.486566
605,279311815999643,20.513819275,721222570,721225356,279311830778428,279311829503178,20.539672470,13.503535
606,279311843637468,20.541457100,721731002,721733482,279311862810190,279311863397018,20.573566310,19.759550
607,279311886791063,20.584610695,722239434,722241579,279311898857114,279311897290858,20.607460150,10.499795
608,279311908141472,20.605961104,722747866,722749725,279311930833760,279311931184698,20.641353990,23.043226
609,279311937541420,20.635361052,723256298,723257849,279311966800219,279311965078539,20.675247831,27.537119
610,279311976689842,20.674509474,723764730,723767855,279311998890867,279311998972379,20.709141671,22.282537
611,279312018516513,20.716336145,724273162,724275990,279312034746773,279312032866219,20.743035511,14.349706
612,279312037042735,20.734862367,724781595,724784102,279312066809923,279312066760126,20.776929418,29.717391
613,279312073923208,20.771742840,725290027,725292253,279312098780820,279312100653966,20.810823258,26.730758
614,279312118030612,20.815850244,725798459,725800361,279312134887404,279312134547806,20.844717098,16.517194
615,279312156278645,20.854098277,726306891,726308521,279312166775134,279312168441646,20.878610938,12.163001
616,279312181230367,20.879049999,726815323,726818505,279312202889486,279312202335486,20.912504778,21.105119
617,279312212619230,20.910438862,727323755,727326629,279312234777284,279312236229326,20.946398618,23.610096
618,279312257038065,20.954857697,727832187,727834741,279312270794493,279312270123167,20.980292459,13.085102
619,279312328560578,21.026380210,728340620,728342827,279312302772920,279312304017073,21.014186365,-24.543505
620,279312354647580,21.052467212,728849052,728850968,279312338786125,279312337910914,21.048080206,-16.736666
621,279312376105781,21.073925413,729357484,729359074,279312370873099,279312371804754,21.081974046,-4.301027
622,279312409178719,21.106998351,729865916,729869079,279312406760940,279312405698594,21.115867886,-3.480125
623,279312447458208,21.145277840,730374348,730377193,279312438799629,279312439592434,21.149761726,-7.865774
624,279312470217647,21.168037279,730882780,730885315,279312474788123,279312473486274,21.183655566,3.268627
625,279312492208639,21.190028271,731391212,731393433,279312506760551,279312507380114,21.217549406,15.171475
626,279312526498478,21.224318110,731899645,731901528,279312542782899,279312541274021,21.251443313,14.775543
627,279312571425623,21.269245255,732408077,732409641,279312574755342,279312575167861,21.285337153,3.742238
628,279312593558215,21.291377847,732916509,732919637,279312610854175,279312609061702,21.319230994,15.503487
629,279312617919732,21.315739364,733424941,733427731,279312642749280,279312642955542,21.353124834,25.035810
630,279312658364215,21.356183847,733933373,733935871,279312678731193,279312676849382,21.387018674,18.485167
631,279312703045705,21.400865337,734441805,734444017,279312710852727,279312710743222,21.420912514,7.697517
632,279312725108260,21.422927892,734950237,734952161,279312742806084,279312744637062,21.454806354,19.528802
633,279312753335148,21.451154780,735458669,735460260,279312778747695,279312778530902,21.488700194,25.195754
634,279312826556308,21.524375940,735967102,735970256,279312810816472,279312812424809,21.522594101,-14.131499
635,279312844776604,21.542596236,736475534,736478408,279312846789537,279312846318649,21.556487941,1.542045
636,279312869407565,21.567227197,736983966,736986527,279312878752698,279312880212490,21.590381782,10.804925
637,279312892153982,21.589973614,737492398,737494632,279312914728236,279312914106330,21.624275622,21.952348
638,279312950265951,21.648085583,738000830,738002741,279312946764765,279312948000170,21.658169462,-2.265781
639,279312973430015,21.671249647,738509262,738510881,279312982771513,279312981894010,21.692063302,8.463995
640,279312998808693,21.696628325,739017694,739020879,279313014917182,279313015787850,21.725957142,16.979157
641,279313021904928,21.719724560,739526127,739529022,279313050787481,279313049681757,21.759851049,27.776829
642,279313090234466,21.788054098,740034559,740037134,279313082798349,279313083575597,21.793744889,-6.658869
643,279313111378565,21.809198197,740542991,740545252,279313118763869,279313117469437,21.827638729,6.090872
644,279313132407085,21.830226717,741051423,741053337,279313150846192,279313151363277,21.861532569,18.956192
645,279313157929556,21.855749188,741559855,741561466,279313186700255,279313185257118,21.895426410,27.327562
646,279313229603812,21.927423444,742068287,742071461,279313218755275,279313219150958,21.929320250,-10.452854
647,279313259933326,21.957752958,742576719,742579615,279313254778114,279313253044798,21.963214090,-6.888528
648,279313298406725,21.996226357,743085151,743087723,279313286729014,279313286938638,21.997107930,-11.468087
649,279313326604127,22.024423759,743593584,743595852,279313322790242,279313320832545,22.031001837,-5.771582
650,279313379611108,22.077430740,744102016,744103954,279313354705810,279313354726385,22.064895677,-24.884723
651,279313401294489,22.099114121,744610448,744612079,279313386725896,279313388620225,22.098789517,-12.674264
652,279313419815520,22.117635152,745118880,745122082,279313422710510,279313422514065,22.132683357,2.698545
653,279313441773168,22.139592800,745627312,745630209,279313454727937,279313456407906,22.166577198,14.634738
654,279313505650328,22.203469960,746135744,746138342,279313490803307,279313490301746,22.200471038,-15.348582
655,279313528925705,22.226745337,746644176,746646465,279313522824198,279313524195586,22.234364878,-4.730119
656,279313547536185,22.245355817,747152608,747154583,279313558745295,279313558089426,22.268258718,10.553241
657,279313572418093,22.270237725,747661041,747662704,279313590725276,279313591983333,22.302152625,19.565240
658,279313628406552,22.326226184,748169473,748172687,279313626808594,279313625877173,22.336046465,-2.529379
659,279313646555621,22.344375253,748677905,748680826,279313658765918,279313659771013,22.369940305,13.215392
660,279313669114190,22.366933822,749186337,749188945,279313694748815,279313693664853,22.403834145,24.550663
661,279313705866944,22.403686576,749694769,749697043,279313726706784,279313727558694,22.437727986,21.691750
662,279313760504824,22.458324456,750203201,750205176,279313762717018,279313761452534,22.471621826,0.947710
663,279313786200724,22.484020356,750711633,750713320,279313794739707,279313795346374,22.505515666,9.145650
664,279313807659571,22.505479203,751220065,751223318,279313830829125,279313829240214,22.539409506,21.580643
665,279313838771914,22.536591546,751728498,751731461,279313862685942,279313863134121,22.573303413,24.362207
666,279313893150567,22.590970199,752236930,752239557,279313898691818,279313897027961,22.607197253,3.877394
667,279313912033549,22.609853181,752745362,752747684,279313930821447,279313930921801,22.641091093,18.888252
668,279313938171641,22.635991273,753253794,753255845,279313966785164,279313964815641,22.674984933,26.644000
669,279313973375712,22.671195344,753762226,753763991,279313998704248,279313998709481,22.708878773,25.333769
670,279314026978244,22.724797876,754270658,754273956,279314030802118,279314032603322,22.742772614,5.625078
671,279314048676937,22.746496569,754779090,754782052,279314066794603,279314066497162,22.776666454,17.820225
672,279314073707860,22.771527492,755287522,755290163,279314098821830,279314100391002,22.810560294,26.683142
673,279314107363885,22.805183517,755795955,755798308,279314134715364,279314134284909,22.844454201,26.921024
674,279314159267671,22.857087303,756304387,756306416,279314166702312,279314168178749,22.878348041,8.911078
675,279314182218613,22.880038245,756812819,756814535,279314202822947,279314202072589,22.912241881,19.853976
676,279314211986006,22.909805638,757321251,757324517,279314234751095,279314235966429,22.946135721,23.980423
677,279314244380450,22.942200082,757829683,757832682,279314270725138,279314269860269,22.980029561,25.479819
678,279314312053925,23.009873557,758338115,758340827,279314302677785,279314303754110,23.013923402,-8.299815
679,279314336979761,23.034799393,758846547,758848918,279314338658569,279314337647950,23.047817242,0.668189
680,279314358405475,23.056225107,759354980,759357040,279314370711230,279314371541857,23.081711149,13.136382
681,279314382355392,23.080175024,759863412,759865181,279314406663726,279314405435697,23.115604989,23.080305
682,279314438126623,23.135946255,760371844,760373317,279314438781173,279314439329537,23.149498829,1.202914
683,279314457039849,23.154859481,760880276,760883351,279314474727974,279314473223377,23.183392669,16.183528
684,279314482929518,23.180749150,761388708,761391483,279314506830897,279314507117217,23.217286509,24.187699
685,279314517097146,23.214916778,761897140,761899601,279314542653128,279314541011057,23.251180349,23.913911
686,279314575833144,23.273652776,762405572,762407712,279314574689019,279314574904898,23.285074190,-0.928246
687,279314599026017,23.296845649,762914005,762915866,279314610628411,279314608798804,23.318968096,9.772787
688,279314618210049,23.316029681,763422437,763424008,279314642787939,279314642692644,23.352861936,24.482595
689,279314657150751,23.354970383,763930869,763934018,279314674680766,279314676586485,23.386755777,19.435734
690,279314715348849,23.413168481,764439301,764442160,279314710649095,279314710480325,23.420649617,-4.868524
691,279314733675513,23.431495145,764947733,764950305,279314742754830,279314744374165,23.454543457,10.698652
692,279314750280146,23.448099778,765456165,765458416,279314778695096,279314778268005,23.488437297,27.987859
693,279314788804629,23.486624261,765964597,765966563,279314810656686,279314812161845,23.522331137,23.357216
694,279314846990362,23.544809994,766473029,766474683,279314846760020,279314846055685,23.556224977,-0.934677
695,279314876658824,23.574478456,766981462,766984706,279314878710629,279314879949592,23.590118884,3.290768
696,279314898527539,23.596347171,767489894,767492846,279314914643415,279314913843432,23.624012724,15.315893
697,279314922910813,23.620730445,767998326,768000988,279314946672538,279314947737273,23.657906565,24.826460
698,279314987034786,23.684854418,768506758,768509091,279314982758773,279314981631113,23.691800405,-5.403673
699,279315013755968,23.711575600,769015190,769017202,279315014706205,279315015524953,23.725694245,1.768985
700,279315032804962,23.730624594,769523622,769525368,279315050680923,279315049418793,23.759588085,16.613831
701,279315059499944,23.757319576,770032054,770035370,279315082656864,279315083312633,23.793481925,23.812689
702,279315122153216,23.819972848,770540486,770543500,279315118724039,279315117206473,23.827375765,-4.946743
703,279315145832834,23.843652466,771048919,771051622,279315150738677,279315151100380,23.861269672,5.267546
704,279315164988139,23.862807771,771557351,771559747,279315186735928,279315184994220,23.895163512,20.006081
705,279315197411758,23.895231390,772065783,772067902,279315218632255,279315218888061,23.929057353,21.476303
706,279315254118071,23.951937703,772574215,772576022,279315254623049,279315252781901,23.962951193,-1.336170
707,279315277855810,23.975675442,773082647,773084142,279315286661390,279315286675741,23.996845033,8.819931
708,279315299503400,23.997323032,773591079,773594149,279315318810885,279315320569581,24.030738873,21.066181
709,279315327098812,24.024918444,774099511,774102239,279315354627794,279315354463421,24.064632713,27.364609
710,279315399876859,24.097696491,774607944,774610338,279315386653088,279315388357328,24.098526620,-11.519531
711,279315422115827,24.119935459,775116376,775118450,279315422665465,279315422251168,24.132420460,0.135341
712,279315441529084,24.139348716,775624808,775626602,279315454664167,279315456145008,24.166314300,14.615924
713,279315463814440,24.161634072,776133240,776134721,279315490615997,279315490038848,24.200208140,26.224408
714,279315498898067,24.196717699,776641672,776644719,279315522733489,279315523932689,24.234101981,25.034622
715,279315547883579,24.245703211,777150104,777152845,279315558646091,279315557826529,24.267995821,9.942950
716,279315565642891,24.263462523,777658536,777660949,279315590787430,279315591720369,24.301889661,26.077478
717,279315598569974,24.296389606,778166968,778169059,279315626666483,279315625614209,24.335783501,27.044235
718,279315633449350,24.331268982,778675401,778677185,279315658738730,279315659508116,24.369677408,26.058766
719,279315683149847,24.380969479,779183833,779185284,279315694656010,279315693401956,24.403571248,10.252109
720,279315702168391,24.399988023,779692265,779695250,279315726759844,279315727295796,24.437465088,25.127405
721,279315738139517,24.435959149,780200697,780203403,279315762617500,279315761189636,24.471358928,23.050119
722,279315782017174,24.479836806,780709129,780711539,279315794635144,279315795083477,24.505252769,13.066303
723,279315827443787,24.525263419,781217561,781219668,279315830581717,279315828977317,24.539146609,1.533530
724,279315844774608,24.542594240,781725993,781727800,279315862641601,279315862871157,24.573040449,18.096549
725,279315869849337,24.567668969,782234425,782235937,279315898613494,279315896764997,24.606934289,26.915660
726,279315902390229,24.600209861,782742858,782745960,279315930632795,279315930658904,24.640828196,28.268675
727,279315937856431,24.635676063,783251290,783254104,279315962755134,279315964552744,24.674722036,26.696313
728,279315980836864,24.678656496,783759722,783762237,279315998752658,279315998446584,24.708615876,17.609720
729,279316006396828,24.704216460,784268154,784270375,279316030642945,279316032340424,24.742509716,25.943596
730,279316042203017,24.740022649,784776586,784778500,279316066680929,279316066234265,24.776403557,24.031248
731,279316075470511,24.773290143,785285018,785286619,279316098765042,279316100128105,24.810297397,24.657594
732,279316120179201,24.817998833,785793450,785796621,279316134753329,279316134021945,24.844191237,13.842744
733,279316141169307,24.838988939,786301882,786304698,279316166595814,279316167915785,24.878085077,26.746478
734,279316175238125,24.873057757,786810315,786812820,279316202742409,279316201809692,24.911978984,26.571567
735,279316214688874,24.912508506,787318747,787320933,279316234581495,279316235703532,24.945872824,21.014658
736,279316256192219,24.954011851,787827179,787829097,279316270602382,279316269597372,24.979766664,13.405153
737,279316280679463,24.978499095,788335611,788337212,279316302593829,279316303491212,25.013660504,22.811749
738,279316313401245,25.011220877,788844043,788847234,279316338748723,279316337385052,25.047554344,23.983807
739,279316346521085,25.044340717,789352475,789355373,279316370600410,279316371278893,25.081448185,24.757808
740,279316387266968,25.085086600,789860907,789863492,279316406673712,279316405172733,25.115342025,17.905765
741,279316412755000,25.110574632,790369340,790371581,279316438631033,279316439066640,25.149235932,26.311640
742,279316446057389,25.143877021,790877772,790879715,279316474560191,279316472960480,25.183129772,26.903091
743,279316482643904,25.180463536,791386204,791387815,279316506691135,279316506854320,25.217023612,24.210416
744,279316522311946,25.220131578,791894636,791897805,279316542612038,279316540748160,25.250917452,18.436214
745,279316550256302,25.248075934,792403068,792405891,279316574634147,279316574642000,25.284811292,24.385698
746,279316590873276,25.288692908,792911500,792914004,279316606698058,279316608535840,25.318705132,17.662564
747,279316614273737,25.312093369,793419932,793422140,279316642594041,279316642429681,25.352598973,28.155944
748,279316654099841,25.351919473,793928365,793930239,279316674693314,279316676323587,25.386492879,22.223746
749,279316681144617,25.378964249,794436797,794438360,279316710581734,279316710217428,25.420386720,29.072811
750,279316717507580,25.415327212,794945229,794948386,279316742703397,279316744111268,25.454280560,26.603688
751,279316750399993,25.448219625,795453661,795456506,279316778580147,279316778005108,25.488174400,27.605115
752,279316802610080,25.500429712,795962093,795964620,279316810557163,279316811898948,25.522068240,9.288868
753,279316828739012,25.526558644,796470525,796472762,279316846545389,279316845792788,25.555962080,17.053776
754,279316866462512,25.564282144,796978957,796980856,279316878556357,279316879686628,25.589855920,13.224116
755,279316890788828,25.588608460,797487389,797488962,279316914567396,279316913580469,25.623749761,22.791641
756,279316926880912,25.624700544,797995822,797998983,279316946685727,279316947474375,25.657643667,20.593463
757,279316952829453,25.650649085,798504254,798507122,279316982535163,279316981368216,25.691537508,28.538763
758,279316991547225,25.689366857,799012686,799015231,279317014669330,279317015262056,25.725431348,23.714831
759,279317022254567,25.720074199,799521118,799523352,279317050559866,279317049155896,25.759325188,26.901329
760,279317066825539,25.764645171,800029550,800031468,279317082573059,279317083049736,25.793219028,16.224197
761,279317091528123,25.789347755,800537982,800539589,279317118567847,279317116943576,25.827112868,25.415453
762,279317125830840,25.823650472,801046414,801049587,279317150611061,279317150837416,25.861006708,25.006576
763,279317161992211,25.859811843,801554847,801557700,279317186583598,279317184731323,25.894900615,22.739112
764,279317202694580,25.900514212,802063279,802065836,279317218610788,279317218625163,25.928794455,15.930583
765,279317224873836,25.922693468,802571711,802573987,279317250606750,279317252519003,25.962688295,27.645167
766,279317268895350,25.966714982,803080143,803082091,279317286579666,279317286412844,25.996582136,17.517494
767,279317299898345,25.997717977,803588575,803590229,279317318667917,279317320306684,26.030475976,20.408339
768,279317341774330,26.039593962,804097007,804100201,279317354571036,279317354200524,26.064369816,12.426194
769,279317369719546,26.067539178,804605439,804608298,279317386593000,279317388094364,26.098263656,18.374818
770,279317413899468,26.111719100,805113871,805116402,279317422564154,279317421988204,26.132157496,8.088736
771,279317473399944,26.171219576,805622304,805624567,279317454581946,279317455882111,26.166051403,-17.517833
772,279317499117150,26.196936782,806130736,806132659,279317490575662,279317489775951,26.199945243,-9.341199
773,279317525733375,26.223553007,806639168,806640783,279317522527218,279317523669791,26.233839083,-2.063584
774,279317558582190,26.256401822,807147600,807150786,279317558511837,279317557563632,26.267732924,-1.018558
775,279317606966362,26.304785994,807656032,807658880,279317590550812,279317591457472,26.301626764,-15.508890
776,279317624034090,26.321853722,808164464,808167031,279317626515839,279317625351312,26.335520604,1.317222
777,279317647646699,26.345466331,808672896,808675171,279317658542500,279317659245152,26.369414444,11.598453
778,279317685243304,26.383062936,809181328,809183294,279317694510300,279317693138992,26.403308284,7.895688
779,279317726792028,26.424611660,809689761,809691432,279317726513971,279317727032899,26.437202191,0.240871
780,279317744280579,26.442100211,810198193,810201384,279317762514104,279317760926739,26.471096031,16.646160
781,279317768668341,26.466487973,810706625,810709546,279317794521707,279317794820579,26.504989871,26.152238
782,279317810688768,26.508508400,811215057,811217663,279317830577907,279317828714420,26.538883712,18.025652
783,279317855644497,26.553464129,811723489,811725797,279317862547317,279317862608260,26.572777552,6.963763
784,279317880855961,26.578675593,812231921,812233915,279317894649053,279317896502100,26.606671392,15.646139
785,279317901815713,26.599635345,812740353,812742017,279317930653138,279317930395940,26.640565232,28.580227
786,279317938395433,26.636215065,813248785,813251991,279317962534001,279317964289780,26.674459072,25.894347
787,279317983455513,26.681275145,813757218,813760151,279317998633265,279317998183687,26.708352979,14.728174
788,279318004820309,26.702639941,814265650,814268279,279318030609853,279318032077527,26.742246819,27.257218
789,279318038053418,26.735873050,814774082,814776415,279318066538597,279318065971367,26.776140659,27.917949
790,279318112494386,26.810314018,815282514,815284536,279318098562955,279318099865207,26.810034499,-12.629179
791,279318137020000,26.834839632,815790946,815792633,279318134484537,279318133759048,26.843928340,-3.260952
792,279318161987417,26.859807049,816299378,816302655,279318166509463,279318167652888,26.877822180,5.665471
793,279318191305680,26.889125312,816807810,816810791,279318202470025,279318201546728,26.911716020,10.241048
794,279318249007595,26.946827227,817316242,817318885,279318234511980,279318235440568,26.945609860,-13.567027
795,279318271206795,26.969026427,817824675,817826991,279318270586640,279318269334475,26.979503767,-1.872320
796,279318293104149,26.990923781,818333107,818335110,279318302513751,279318303228315,27.013397607,10.124166
797,279318315235940,27.013055572,818841539,818843255,279318338475197,279318337122155,27.047291447,21.886215
798,279318345136532,27.042956164,819349971,819353242,279318370486159,279318371015995,27.081185287,25.879463
799,279318391156902,27.088976534,819858403,819861382,279318406588222,279318404909836,27.115079128,13.752934
800,279318414244864,27.112064496,820366835,820369503,279318438476432,279318438803676,27.148972968,24.558812
801,279318445435973,27.143255605,820875267,820877645,279318474496915,279318472697516,27.182866808,27.261543
802,279318513290432,27.211110064,821383700,821385754,279318506603998,279318506591423,27.216760715,-6.699009
803,279318530863485,27.228683117,821892132,821893893,279318538615117,279318540485263,27.250654555,9.621778
804,279318556184717,27.254004349,822400564,822402027,279318574580817,279318574379103,27.284548395,18.194386
805,279318583432831,27.281252463,822908996,822912000,279318606497957,279318608272943,27.318442235,24.840112
806,279318638897301,27.336716933,823417428,823420131,279318642567507,279318642166783,27.352336075,3.269482
807,279318657122288,27.354941920,823925860,823928273,279318674590492,279318676060624,27.386229916,18.938336
808,279318682681738,27.380501370,824434292,824436417,279318710591637,279318709954464,27.420123756,27.272726
809,279318722856496,27.420676128,824942725,824944551,279318742488008,279318743848371,27.454017663,20.991875
810,279318783346079,27.481165711,825451157,825452654,279318778451447,279318777742211,27.487911503,-5.603868
811,279318801577691,27.499397323,825959589,825962652,279318810496561,279318811636051,27.521805343,10.058360
812,279318827108194,27.524927826,826468021,826470760,279318846609453,279318845529891,27.555699183,18.421697
813,279318855031403,27.552851035,826976453,826978867,279318878458256,279318879423731,27.589593023,24.392328
814,279318943484081,27.641303713,827484885,827486981,279318914551080,279318913317571,27.623486863,-30.166510
815,279318963990971,27.661810603,827993317,827995114,279318946573911,279318947211411,27.657380703,-16.779560
816,279318990864360,27.688683992,828501749,828503240,279318982567388,279318981105252,27.691274544,-9.759108
817,279319009281111,27.707100743,829010182,829013269,279319014493534,279319014999158,27.725168450,5.718047
818,279319043391285,27.741210917,829518614,829521356,279319050487422,279319048892999,27.759062291,5.501714
819,279319086236239,27.784055871,830027046,830029485,279319082499225,279319082786839,27.792956131,-3.449400
820,279319104938867,27.802758499,830535478,830537626,279319118521291,279319116680679,27.826849971,11.741812
821,279319125626002,27.823445634,831043910,831045756,279319150449276,279319150574519,27.860743811,24.948517
822,279319160646689,27.858466321,831552342,831553899,279319182463123,279319184468359,27.894637651,23.821670
823,279319188835676,27.886655308,832060774,832063883,279319218649936,279319218362199,27.928531491,29.526523
824,279319225692872,27.923512504,832569207,832572004,279319250486333,279319252256106,27.962425398,26.563234
825,279319259109875,27.956929507,833077639,833080153,279319286485708,279319286149946,27.996319238,27.040071
826,279319301098105,27.998917737,833586071,833588267,279319318490618,279319320043787,28.030213079,18.945682
827,279319349187056,28.047006688,834094503,834096412,279319354500273,279319353937627,28.064106919,4.750571
828,279319368858333,28.066677965,834602935,834604489,279319386588241,279319387831467,28.098000759,18.973134
829,279319395441837,28.093261469,835111367,835114497,279319422428588,279319421725307,28.131894599,26.283470
830,279319433591353,28.131410985,835619799,835622653,279319454493715,279319455619147,28.165788439,22.027794
831,279319483554200,28.181373832,836128231,836130762,279319490455205,279319489512987,28.199682279,5.958787
832,279319501540750,28.199360382,836636664,836638888,279319522607878,279319523406894,28.233576186,21.866144
833,279319529520668,28.227340300,837145096,837147009,279319558492471,279319557300734,28.267470026,27.780066
834,279319568928713,28.266748345,837653528,837655162,279319590451515,279319591194575,28.301363867,22.265862
835,279319609236843,28.307056475,838161960,838165180,279319626481557,279319625088415,28.335257707,15.851572
836,279319632508528,28.330328160,838670392,838673311,279319658445724,279319658982255,28.369151547,26.473727
837,279319665464001,28.363283633,839178824,839181407,279319694438899,279319692876095,28.403045387,27.412094
838,279319706126015,28.403945647,839687256,839689527,279319726518122,279319726769935,28.436939227,20.643920
839,279319744554999,28.442374631,840195688,840197651,279319762432803,279319760663775,28.470833067,16.108776
840,279319774476011,28.472295643,840704121,840705793,279319794429065,279319794557682,28.504726974,20.081671
841,279319802756667,28.500576299,841212553,841215780,279319830421846,279319828451522,28.538620814,25.694855
842,279319833051041,28.530870673,841720985,841723940,279319862450396,279319862345362,28.572514654,29.294321
843,279319884793837,28.582613469,842229417,842232062,279319894444692,279319896239203,28.606408495,11.445366
844,279319906263472,28.604083104,842737849,842740188,279319930456119,279319930133043,28.640302335,23.869571
845,279319936663912,28.634483544,843246281,843248331,279319962463431,279319964026883,28.674196175,27.362971
846,279319972402055,28.670221687,843754713,843756436,279319998419552,279319997920723,28.708090015,25.518668
847,279320030986477,28.728806109,844263145,844266427,279320030469974,279320031814563,28.741983855,0.828086
848,279320054130666,28.751950298,844771578,844774541,279320066445778,279320065708470,28.775877762,11.577804
849,279320079861255,28.777680887,845280010,845282682,279320098545535,279320099602310,28.809771602,19.741055
850,279320106301612,28.804121244,845788442,845790801,279320134537168,279320133496150,28.843665442,27.194538
851,279320146742676,28.844562308,846296874,846298940,279320166429613,279320167389991,28.877559283,20.647315
852,279320211209996,28.909029628,846805306,846807088,279320202457019,279320201283831,28.911453123,-9.926165
853,279320233637402,28.931457034,847313738,847315206,279320234512532,279320235177671,28.945346963,1.540269
854,279320255324142,28.953143774,847822170,847825232,279320270453830,279320269071511,28.979240803,13.747369
855,279320283443899,28.981263531,848330602,848333336,279320302431358,279320302965351,29.013134643,19.521452
856,279320336903449,29.034723081,848839035,848841448,279320338527645,279320336859258,29.047028550,-0.044191
857,279320359533290,29.057352922,849347467,849349581,279320370440733,279320370753098,29.080922390,11.219808
858,279320389260589,29.087080221,849855899,849857754,279320406423151,279320404646938,29.114816230,15.386349
859,279320422042693,29.119862325,850364331,850365832,279320438396373,279320438540779,29.148710071,16.498086
860,279320489333571,29.187153203,850872763,850875804,279320474424469,279320472434619,29.182603911,-16.898952
861,279320519376489,29.217196121,851381195,851383961,279320506446047,279320506328459,29.216497751,-13.048030
862,279320540930528,29.238750160,851889627,851892098,279320538523033,279320540222299,29.250391591,-0.708229
863,279320568194049,29.266013681,852398060,852400219,279320574410170,279320574116206,29.284285498,5.922157
864,279320620772849,29.318592481,852906492,852908328,279320606384604,279320608010046,29.318179338,-12.762803
865,279320638764738,29.336584370,853414924,853416431,279320642379712,279320641903886,29.352073178,3.139148
866,279320656271231,29.354090863,853923356,853926414,279320674379230,279320675797726,29.385967018,19.526495
867,279320684101225,29.381920857,854431788,854434555,279320710375486,279320709691566,29.419860858,25.590341
868,279320719518388,29.417338020,854940220,854942637,279320742404483,279320743585407,29.453754699,24.067019
